Date,CONSUMER_CONF
1946-12-27,
1947-01-03,
1947-01-10,
1947-01-17,
1947-01-24,
1947-01-31,
1947-02-07,
1947-02-14,
1947-02-21,
1947-02-28,
1947-03-07,
1947-03-14,
1947-03-21,
1947-03-28,
1947-04-04,
1947-04-11,
1947-04-18,
1947-04-25,
1947-05-02,
1947-05-09,
1947-05-16,
1947-05-23,
1947-05-30,
1947-06-06,
1947-06-13,
1947-06-20,
1947-06-27,
1947-07-04,
1947-07-11,
1947-07-18,
1947-07-25,
1947-08-01,
1947-08-08,
1947-08-15,
1947-08-22,
1947-08-29,
1947-09-05,
1947-09-12,
1947-09-19,
1947-09-26,
1947-10-03,
1947-10-10,
1947-10-17,
1947-10-24,
1947-10-31,
1947-11-07,
1947-11-14,
1947-11-21,
1947-11-28,
1947-12-05,
1947-12-12,
1947-12-19,
1947-12-26,
1948-01-02,
1948-01-09,
1948-01-16,
1948-01-23,
1948-01-30,
1948-02-06,
1948-02-13,
1948-02-20,
1948-02-27,
1948-03-05,
1948-03-12,
1948-03-19,
1948-03-26,
1948-04-02,
1948-04-09,
1948-04-16,
1948-04-23,
1948-04-30,
1948-05-07,
1948-05-14,
1948-05-21,
1948-05-28,
1948-06-04,
1948-06-11,
1948-06-18,
1948-06-25,
1948-07-02,
1948-07-09,
1948-07-16,
1948-07-23,
1948-07-30,
1948-08-06,
1948-08-13,
1948-08-20,
1948-08-27,
1948-09-03,
1948-09-10,
1948-09-17,
1948-09-24,
1948-10-01,
1948-10-08,
1948-10-15,
1948-10-22,
1948-10-29,
1948-11-05,
1948-11-12,
1948-11-19,
1948-11-26,
1948-12-03,
1948-12-10,
1948-12-17,
1948-12-24,
1948-12-31,
1949-01-07,
1949-01-14,
1949-01-21,
1949-01-28,
1949-02-04,
1949-02-11,
1949-02-18,
1949-02-25,
1949-03-04,
1949-03-11,
1949-03-18,
1949-03-25,
1949-04-01,
1949-04-08,
1949-04-15,
1949-04-22,
1949-04-29,
1949-05-06,
1949-05-13,
1949-05-20,
1949-05-27,
1949-06-03,
1949-06-10,
1949-06-17,
1949-06-24,
1949-07-01,
1949-07-08,
1949-07-15,
1949-07-22,
1949-07-29,
1949-08-05,
1949-08-12,
1949-08-19,
1949-08-26,
1949-09-02,
1949-09-09,
1949-09-16,
1949-09-23,
1949-09-30,
1949-10-07,
1949-10-14,
1949-10-21,
1949-10-28,
1949-11-04,
1949-11-11,
1949-11-18,
1949-11-25,
1949-12-02,
1949-12-09,
1949-12-16,
1949-12-23,
1949-12-30,
1950-01-06,
1950-01-13,
1950-01-20,
1950-01-27,
1950-02-03,
1950-02-10,
1950-02-17,
1950-02-24,
1950-03-03,
1950-03-10,
1950-03-17,
1950-03-24,
1950-03-31,
1950-04-07,
1950-04-14,
1950-04-21,
1950-04-28,
1950-05-05,
1950-05-12,
1950-05-19,
1950-05-26,
1950-06-02,
1950-06-09,
1950-06-16,
1950-06-23,
1950-06-30,
1950-07-07,
1950-07-14,
1950-07-21,
1950-07-28,
1950-08-04,
1950-08-11,
1950-08-18,
1950-08-25,
1950-09-01,
1950-09-08,
1950-09-15,
1950-09-22,
1950-09-29,
1950-10-06,
1950-10-13,
1950-10-20,
1950-10-27,
1950-11-03,
1950-11-10,
1950-11-17,
1950-11-24,
1950-12-01,
1950-12-08,
1950-12-15,
1950-12-22,
1950-12-29,
1951-01-05,
1951-01-12,
1951-01-19,
1951-01-26,
1951-02-02,
1951-02-09,
1951-02-16,
1951-02-23,
1951-03-02,
1951-03-09,
1951-03-16,
1951-03-23,
1951-03-30,
1951-04-06,
1951-04-13,
1951-04-20,
1951-04-27,
1951-05-04,
1951-05-11,
1951-05-18,
1951-05-25,
1951-06-01,
1951-06-08,
1951-06-15,
1951-06-22,
1951-06-29,
1951-07-06,
1951-07-13,
1951-07-20,
1951-07-27,
1951-08-03,
1951-08-10,
1951-08-17,
1951-08-24,
1951-08-31,
1951-09-07,
1951-09-14,
1951-09-21,
1951-09-28,
1951-10-05,
1951-10-12,
1951-10-19,
1951-10-26,
1951-11-02,
1951-11-09,
1951-11-16,
1951-11-23,
1951-11-30,
1951-12-07,
1951-12-14,
1951-12-21,
1951-12-28,
1952-01-04,
1952-01-11,
1952-01-18,
1952-01-25,
1952-02-01,
1952-02-08,
1952-02-15,
1952-02-22,
1952-02-29,
1952-03-07,
1952-03-14,
1952-03-21,
1952-03-28,
1952-04-04,
1952-04-11,
1952-04-18,
1952-04-25,
1952-05-02,
1952-05-09,
1952-05-16,
1952-05-23,
1952-05-30,
1952-06-06,
1952-06-13,
1952-06-20,
1952-06-27,
1952-07-04,
1952-07-11,
1952-07-18,
1952-07-25,
1952-08-01,
1952-08-08,
1952-08-15,
1952-08-22,
1952-08-29,
1952-09-05,
1952-09-12,
1952-09-19,
1952-09-26,
1952-10-03,
1952-10-10,
1952-10-17,
1952-10-24,
1952-10-31,
1952-11-07,
1952-11-14,
1952-11-21,
1952-11-28,
1952-12-05,
1952-12-12,
1952-12-19,
1952-12-26,
1953-01-02,
1953-01-09,
1953-01-16,
1953-01-23,
1953-01-30,
1953-02-06,
1953-02-13,
1953-02-20,
1953-02-27,
1953-03-06,
1953-03-13,
1953-03-20,
1953-03-27,
1953-04-03,
1953-04-10,
1953-04-17,
1953-04-24,
1953-05-01,
1953-05-08,
1953-05-15,
1953-05-22,
1953-05-29,
1953-06-05,
1953-06-12,
1953-06-19,
1953-06-26,
1953-07-03,
1953-07-10,
1953-07-17,
1953-07-24,
1953-07-31,
1953-08-07,
1953-08-14,
1953-08-21,
1953-08-28,
1953-09-04,
1953-09-11,
1953-09-18,
1953-09-25,
1953-10-02,
1953-10-09,
1953-10-16,
1953-10-23,
1953-10-30,
1953-11-06,
1953-11-13,
1953-11-20,
1953-11-27,
1953-12-04,
1953-12-11,
1953-12-18,
1953-12-25,
1954-01-01,
1954-01-08,
1954-01-15,
1954-01-22,
1954-01-29,
1954-02-05,
1954-02-12,
1954-02-19,
1954-02-26,
1954-03-05,
1954-03-12,
1954-03-19,
1954-03-26,
1954-04-02,
1954-04-09,
1954-04-16,
1954-04-23,
1954-04-30,
1954-05-07,
1954-05-14,
1954-05-21,
1954-05-28,
1954-06-04,
1954-06-11,
1954-06-18,
1954-06-25,
1954-07-02,
1954-07-09,
1954-07-16,
1954-07-23,
1954-07-30,
1954-08-06,
1954-08-13,
1954-08-20,
1954-08-27,
1954-09-03,
1954-09-10,
1954-09-17,
1954-09-24,
1954-10-01,
1954-10-08,
1954-10-15,
1954-10-22,
1954-10-29,
1954-11-05,
1954-11-12,
1954-11-19,
1954-11-26,
1954-12-03,
1954-12-10,
1954-12-17,
1954-12-24,
1954-12-31,
1955-01-07,
1955-01-14,
1955-01-21,
1955-01-28,
1955-02-04,
1955-02-11,
1955-02-18,
1955-02-25,
1955-03-04,
1955-03-11,
1955-03-18,
1955-03-25,
1955-04-01,
1955-04-08,
1955-04-15,
1955-04-22,
1955-04-29,
1955-05-06,
1955-05-13,
1955-05-20,
1955-05-27,
1955-06-03,
1955-06-10,
1955-06-17,
1955-06-24,
1955-07-01,
1955-07-08,
1955-07-15,
1955-07-22,
1955-07-29,
1955-08-05,
1955-08-12,
1955-08-19,
1955-08-26,
1955-09-02,
1955-09-09,
1955-09-16,
1955-09-23,
1955-09-30,
1955-10-07,
1955-10-14,
1955-10-21,
1955-10-28,
1955-11-04,
1955-11-11,
1955-11-18,
1955-11-25,
1955-12-02,
1955-12-09,
1955-12-16,
1955-12-23,
1955-12-30,
1956-01-06,
1956-01-13,
1956-01-20,
1956-01-27,
1956-02-03,
1956-02-10,
1956-02-17,
1956-02-24,
1956-03-02,
1956-03-09,
1956-03-16,
1956-03-23,
1956-03-30,
1956-04-06,
1956-04-13,
1956-04-20,
1956-04-27,
1956-05-04,
1956-05-11,
1956-05-18,
1956-05-25,
1956-06-01,
1956-06-08,
1956-06-15,
1956-06-22,
1956-06-29,
1956-07-06,
1956-07-13,
1956-07-20,
1956-07-27,
1956-08-03,
1956-08-10,
1956-08-17,
1956-08-24,
1956-08-31,
1956-09-07,
1956-09-14,
1956-09-21,
1956-09-28,
1956-10-05,
1956-10-12,
1956-10-19,
1956-10-26,
1956-11-02,
1956-11-09,
1956-11-16,
1956-11-23,
1956-11-30,
1956-12-07,
1956-12-14,
1956-12-21,
1956-12-28,
1957-01-04,
1957-01-11,
1957-01-18,
1957-01-25,
1957-02-01,
1957-02-08,
1957-02-15,
1957-02-22,
1957-03-01,
1957-03-08,
1957-03-15,
1957-03-22,
1957-03-29,
1957-04-05,
1957-04-12,
1957-04-19,
1957-04-26,
1957-05-03,
1957-05-10,
1957-05-17,
1957-05-24,
1957-05-31,
1957-06-07,
1957-06-14,
1957-06-21,
1957-06-28,
1957-07-05,
1957-07-12,
1957-07-19,
1957-07-26,
1957-08-02,
1957-08-09,
1957-08-16,
1957-08-23,
1957-08-30,
1957-09-06,
1957-09-13,
1957-09-20,
1957-09-27,
1957-10-04,
1957-10-11,
1957-10-18,
1957-10-25,
1957-11-01,
1957-11-08,
1957-11-15,
1957-11-22,
1957-11-29,
1957-12-06,
1957-12-13,
1957-12-20,
1957-12-27,
1958-01-03,
1958-01-10,
1958-01-17,
1958-01-24,
1958-01-31,
1958-02-07,
1958-02-14,
1958-02-21,
1958-02-28,
1958-03-07,
1958-03-14,
1958-03-21,
1958-03-28,
1958-04-04,
1958-04-11,
1958-04-18,
1958-04-25,
1958-05-02,
1958-05-09,
1958-05-16,
1958-05-23,
1958-05-30,
1958-06-06,
1958-06-13,
1958-06-20,
1958-06-27,
1958-07-04,
1958-07-11,
1958-07-18,
1958-07-25,
1958-08-01,
1958-08-08,
1958-08-15,
1958-08-22,
1958-08-29,
1958-09-05,
1958-09-12,
1958-09-19,
1958-09-26,
1958-10-03,
1958-10-10,
1958-10-17,
1958-10-24,
1958-10-31,
1958-11-07,
1958-11-14,
1958-11-21,
1958-11-28,
1958-12-05,
1958-12-12,
1958-12-19,
1958-12-26,
1959-01-02,
1959-01-09,
1959-01-16,
1959-01-23,
1959-01-30,
1959-02-06,
1959-02-13,
1959-02-20,
1959-02-27,
1959-03-06,
1959-03-13,
1959-03-20,
1959-03-27,
1959-04-03,
1959-04-10,
1959-04-17,
1959-04-24,
1959-05-01,
1959-05-08,
1959-05-15,
1959-05-22,
1959-05-29,
1959-06-05,
1959-06-12,
1959-06-19,
1959-06-26,
1959-07-03,
1959-07-10,
1959-07-17,
1959-07-24,
1959-07-31,
1959-08-07,
1959-08-14,
1959-08-21,
1959-08-28,
1959-09-04,
1959-09-11,
1959-09-18,
1959-09-25,
1959-10-02,
1959-10-09,
1959-10-16,
1959-10-23,
1959-10-30,
1959-11-06,
1959-11-13,
1959-11-20,
1959-11-27,
1959-12-04,
1959-12-11,
1959-12-18,
1959-12-25,
1960-01-01,
1960-01-08,
1960-01-15,
1960-01-22,
1960-01-29,
1960-02-05,
1960-02-12,
1960-02-19,
1960-02-26,
1960-03-04,
1960-03-11,
1960-03-18,
1960-03-25,
1960-04-01,
1960-04-08,
1960-04-15,
1960-04-22,
1960-04-29,
1960-05-06,
1960-05-13,
1960-05-20,
1960-05-27,
1960-06-03,
1960-06-10,
1960-06-17,
1960-06-24,
1960-07-01,
1960-07-08,
1960-07-15,
1960-07-22,
1960-07-29,
1960-08-05,
1960-08-12,
1960-08-19,
1960-08-26,
1960-09-02,
1960-09-09,
1960-09-16,
1960-09-23,
1960-09-30,
1960-10-07,
1960-10-14,
1960-10-21,
1960-10-28,
1960-11-04,
1960-11-11,
1960-11-18,
1960-11-25,
1960-12-02,
1960-12-09,
1960-12-16,
1960-12-23,
1960-12-30,
1961-01-06,
1961-01-13,
1961-01-20,
1961-01-27,
1961-02-03,
1961-02-10,
1961-02-17,
1961-02-24,
1961-03-03,
1961-03-10,
1961-03-17,
1961-03-24,
1961-03-31,
1961-04-07,
1961-04-14,
1961-04-21,
1961-04-28,
1961-05-05,
1961-05-12,
1961-05-19,
1961-05-26,
1961-06-02,
1961-06-09,
1961-06-16,
1961-06-23,
1961-06-30,
1961-07-07,
1961-07-14,
1961-07-21,
1961-07-28,
1961-08-04,
1961-08-11,
1961-08-18,
1961-08-25,
1961-09-01,
1961-09-08,
1961-09-15,
1961-09-22,
1961-09-29,
1961-10-06,
1961-10-13,
1961-10-20,
1961-10-27,
1961-11-03,
1961-11-10,
1961-11-17,
1961-11-24,
1961-12-01,
1961-12-08,
1961-12-15,
1961-12-22,
1961-12-29,
1962-01-05,
1962-01-12,
1962-01-19,
1962-01-26,
1962-02-02,
1962-02-09,
1962-02-16,
1962-02-23,
1962-03-02,
1962-03-09,
1962-03-16,
1962-03-23,
1962-03-30,
1962-04-06,
1962-04-13,
1962-04-20,
1962-04-27,
1962-05-04,
1962-05-11,
1962-05-18,
1962-05-25,
1962-06-01,
1962-06-08,
1962-06-15,
1962-06-22,
1962-06-29,
1962-07-06,
1962-07-13,
1962-07-20,
1962-07-27,
1962-08-03,
1962-08-10,
1962-08-17,
1962-08-24,
1962-08-31,
1962-09-07,
1962-09-14,
1962-09-21,
1962-09-28,
1962-10-05,
1962-10-12,
1962-10-19,
1962-10-26,
1962-11-02,
1962-11-09,
1962-11-16,
1962-11-23,
1962-11-30,
1962-12-07,
1962-12-14,
1962-12-21,
1962-12-28,
1963-01-04,
1963-01-11,
1963-01-18,
1963-01-25,
1963-02-01,
1963-02-08,
1963-02-15,
1963-02-22,
1963-03-01,
1963-03-08,
1963-03-15,
1963-03-22,
1963-03-29,
1963-04-05,
1963-04-12,
1963-04-19,
1963-04-26,
1963-05-03,
1963-05-10,
1963-05-17,
1963-05-24,
1963-05-31,
1963-06-07,
1963-06-14,
1963-06-21,
1963-06-28,
1963-07-05,
1963-07-12,
1963-07-19,
1963-07-26,
1963-08-02,
1963-08-09,
1963-08-16,
1963-08-23,
1963-08-30,
1963-09-06,
1963-09-13,
1963-09-20,
1963-09-27,
1963-10-04,
1963-10-11,
1963-10-18,
1963-10-25,
1963-11-01,
1963-11-08,
1963-11-15,
1963-11-22,
1963-11-29,
1963-12-06,
1963-12-13,
1963-12-20,
1963-12-27,
1964-01-03,
1964-01-10,
1964-01-17,
1964-01-24,
1964-01-31,
1964-02-07,
1964-02-14,
1964-02-21,
1964-02-28,
1964-03-06,
1964-03-13,
1964-03-20,
1964-03-27,
1964-04-03,
1964-04-10,
1964-04-17,
1964-04-24,
1964-05-01,
1964-05-08,
1964-05-15,
1964-05-22,
1964-05-29,
1964-06-05,
1964-06-12,
1964-06-19,
1964-06-26,
1964-07-03,
1964-07-10,
1964-07-17,
1964-07-24,
1964-07-31,
1964-08-07,
1964-08-14,
1964-08-21,
1964-08-28,
1964-09-04,
1964-09-11,
1964-09-18,
1964-09-25,
1964-10-02,
1964-10-09,
1964-10-16,
1964-10-23,
1964-10-30,
1964-11-06,
1964-11-13,
1964-11-20,
1964-11-27,
1964-12-04,
1964-12-11,
1964-12-18,
1964-12-25,
1965-01-01,
1965-01-08,
1965-01-15,
1965-01-22,
1965-01-29,
1965-02-05,
1965-02-12,
1965-02-19,
1965-02-26,
1965-03-05,
1965-03-12,
1965-03-19,
1965-03-26,
1965-04-02,
1965-04-09,
1965-04-16,
1965-04-23,
1965-04-30,
1965-05-07,
1965-05-14,
1965-05-21,
1965-05-28,
1965-06-04,
1965-06-11,
1965-06-18,
1965-06-25,
1965-07-02,
1965-07-09,
1965-07-16,
1965-07-23,
1965-07-30,
1965-08-06,
1965-08-13,
1965-08-20,
1965-08-27,
1965-09-03,
1965-09-10,
1965-09-17,
1965-09-24,
1965-10-01,
1965-10-08,
1965-10-15,
1965-10-22,
1965-10-29,
1965-11-05,
1965-11-12,
1965-11-19,
1965-11-26,
1965-12-03,
1965-12-10,
1965-12-17,
1965-12-24,
1965-12-31,
1966-01-07,
1966-01-14,
1966-01-21,
1966-01-28,
1966-02-04,
1966-02-11,
1966-02-18,
1966-02-25,
1966-03-04,
1966-03-11,
1966-03-18,
1966-03-25,
1966-04-01,
1966-04-08,
1966-04-15,
1966-04-22,
1966-04-29,
1966-05-06,
1966-05-13,
1966-05-20,
1966-05-27,
1966-06-03,
1966-06-10,
1966-06-17,
1966-06-24,
1966-07-01,
1966-07-08,
1966-07-15,
1966-07-22,
1966-07-29,
1966-08-05,
1966-08-12,
1966-08-19,
1966-08-26,
1966-09-02,
1966-09-09,
1966-09-16,
1966-09-23,
1966-09-30,
1966-10-07,
1966-10-14,
1966-10-21,
1966-10-28,
1966-11-04,
1966-11-11,
1966-11-18,
1966-11-25,
1966-12-02,
1966-12-09,
1966-12-16,
1966-12-23,
1966-12-30,
1967-01-06,
1967-01-13,
1967-01-20,
1967-01-27,
1967-02-03,
1967-02-10,
1967-02-17,
1967-02-24,
1967-03-03,
1967-03-10,
1967-03-17,
1967-03-24,
1967-03-31,
1967-04-07,
1967-04-14,
1967-04-21,
1967-04-28,
1967-05-05,
1967-05-12,
1967-05-19,
1967-05-26,
1967-06-02,
1967-06-09,
1967-06-16,
1967-06-23,
1967-06-30,
1967-07-07,
1967-07-14,
1967-07-21,
1967-07-28,
1967-08-04,
1967-08-11,
1967-08-18,
1967-08-25,
1967-09-01,
1967-09-08,
1967-09-15,
1967-09-22,
1967-09-29,
1967-10-06,
1967-10-13,
1967-10-20,
1967-10-27,
1967-11-03,
1967-11-10,
1967-11-17,
1967-11-24,
1967-12-01,
1967-12-08,
1967-12-15,
1967-12-22,
1967-12-29,
1968-01-05,
1968-01-12,
1968-01-19,
1968-01-26,
1968-02-02,
1968-02-09,
1968-02-16,
1968-02-23,
1968-03-01,
1968-03-08,
1968-03-15,
1968-03-22,
1968-03-29,
1968-04-05,
1968-04-12,
1968-04-19,
1968-04-26,
1968-05-03,
1968-05-10,
1968-05-17,
1968-05-24,
1968-05-31,
1968-06-07,
1968-06-14,
1968-06-21,
1968-06-28,
1968-07-05,
1968-07-12,
1968-07-19,
1968-07-26,
1968-08-02,
1968-08-09,
1968-08-16,
1968-08-23,
1968-08-30,
1968-09-06,
1968-09-13,
1968-09-20,
1968-09-27,
1968-10-04,
1968-10-11,
1968-10-18,
1968-10-25,
1968-11-01,
1968-11-08,
1968-11-15,
1968-11-22,
1968-11-29,
1968-12-06,
1968-12-13,
1968-12-20,
1968-12-27,
1969-01-03,
1969-01-10,
1969-01-17,
1969-01-24,
1969-01-31,
1969-02-07,
1969-02-14,
1969-02-21,
1969-02-28,
1969-03-07,
1969-03-14,
1969-03-21,
1969-03-28,
1969-04-04,
1969-04-11,
1969-04-18,
1969-04-25,
1969-05-02,
1969-05-09,
1969-05-16,
1969-05-23,
1969-05-30,
1969-06-06,
1969-06-13,
1969-06-20,
1969-06-27,
1969-07-04,
1969-07-11,
1969-07-18,
1969-07-25,
1969-08-01,
1969-08-08,
1969-08-15,
1969-08-22,
1969-08-29,
1969-09-05,
1969-09-12,
1969-09-19,
1969-09-26,
1969-10-03,
1969-10-10,
1969-10-17,
1969-10-24,
1969-10-31,
1969-11-07,
1969-11-14,
1969-11-21,
1969-11-28,
1969-12-05,
1969-12-12,
1969-12-19,
1969-12-26,
1970-01-02,
1970-01-09,
1970-01-16,
1970-01-23,
1970-01-30,
1970-02-06,
1970-02-13,
1970-02-20,
1970-02-27,
1970-03-06,
1970-03-13,
1970-03-20,
1970-03-27,
1970-04-03,
1970-04-10,
1970-04-17,
1970-04-24,
1970-05-01,
1970-05-08,
1970-05-15,
1970-05-22,
1970-05-29,
1970-06-05,
1970-06-12,
1970-06-19,
1970-06-26,
1970-07-03,
1970-07-10,
1970-07-17,
1970-07-24,
1970-07-31,
1970-08-07,
1970-08-14,
1970-08-21,
1970-08-28,
1970-09-04,
1970-09-11,
1970-09-18,
1970-09-25,
1970-10-02,
1970-10-09,
1970-10-16,
1970-10-23,
1970-10-30,
1970-11-06,
1970-11-13,
1970-11-20,
1970-11-27,
1970-12-04,
1970-12-11,
1970-12-18,
1970-12-25,
1971-01-01,
1971-01-08,
1971-01-15,
1971-01-22,
1971-01-29,
1971-02-05,
1971-02-12,
1971-02-19,
1971-02-26,
1971-03-05,
1971-03-12,
1971-03-19,
1971-03-26,
1971-04-02,
1971-04-09,
1971-04-16,
1971-04-23,
1971-04-30,
1971-05-07,
1971-05-14,
1971-05-21,
1971-05-28,
1971-06-04,
1971-06-11,
1971-06-18,
1971-06-25,
1971-07-02,
1971-07-09,
1971-07-16,
1971-07-23,
1971-07-30,
1971-08-06,
1971-08-13,
1971-08-20,
1971-08-27,
1971-09-03,
1971-09-10,
1971-09-17,
1971-09-24,
1971-10-01,
1971-10-08,
1971-10-15,
1971-10-22,
1971-10-29,
1971-11-05,
1971-11-12,
1971-11-19,
1971-11-26,
1971-12-03,
1971-12-10,
1971-12-17,
1971-12-24,
1971-12-31,
1972-01-07,
1972-01-14,
1972-01-21,
1972-01-28,
1972-02-04,
1972-02-11,
1972-02-18,
1972-02-25,
1972-03-03,
1972-03-10,
1972-03-17,
1972-03-24,
1972-03-31,
1972-04-07,
1972-04-14,
1972-04-21,
1972-04-28,
1972-05-05,
1972-05-12,
1972-05-19,
1972-05-26,
1972-06-02,
1972-06-09,
1972-06-16,
1972-06-23,
1972-06-30,
1972-07-07,
1972-07-14,
1972-07-21,
1972-07-28,
1972-08-04,
1972-08-11,
1972-08-18,
1972-08-25,
1972-09-01,
1972-09-08,
1972-09-15,
1972-09-22,
1972-09-29,
1972-10-06,
1972-10-13,
1972-10-20,
1972-10-27,
1972-11-03,
1972-11-10,
1972-11-17,
1972-11-24,
1972-12-01,
1972-12-08,
1972-12-15,
1972-12-22,
1972-12-29,
1973-01-05,104.6508
1973-01-12,104.6508
1973-01-19,104.6508
1973-01-26,104.6508
1973-02-02,104.1135
1973-02-09,104.1135
1973-02-16,104.1135
1973-02-23,104.1135
1973-03-02,103.4958
1973-03-09,103.4958
1973-03-16,103.4958
1973-03-23,103.4958
1973-03-30,103.4958
1973-04-06,102.8677
1973-04-13,102.8677
1973-04-20,102.8677
1973-04-27,102.8677
1973-05-04,102.4102
1973-05-11,102.4102
1973-05-18,102.4102
1973-05-25,102.4102
1973-06-01,102.1955
1973-06-08,102.1955
1973-06-15,102.1955
1973-06-22,102.1955
1973-06-29,102.1955
1973-07-06,102.1258
1973-07-13,102.1258
1973-07-20,102.1258
1973-07-27,102.1258
1973-08-03,102.0798
1973-08-10,102.0798
1973-08-17,102.0798
1973-08-24,102.0798
1973-08-31,102.0798
1973-09-07,101.9681
1973-09-14,101.9681
1973-09-21,101.9681
1973-09-28,101.9681
1973-10-05,101.6517
1973-10-12,101.6517
1973-10-19,101.6517
1973-10-26,101.6517
1973-11-02,101.0224
1973-11-09,101.0224
1973-11-16,101.0224
1973-11-23,101.0224
1973-11-30,101.0224
1973-12-07,100.1943
1973-12-14,100.1943
1973-12-21,100.1943
1973-12-28,100.1943
1974-01-04,99.4418
1974-01-11,99.4418
1974-01-18,99.4418
1974-01-25,99.4418
1974-02-01,99.1499
1974-02-08,99.1499
1974-02-15,99.1499
1974-02-22,99.1499
1974-03-01,99.1599
1974-03-08,99.1599
1974-03-15,99.1599
1974-03-22,99.1599
1974-03-29,99.1599
1974-04-05,99.3152
1974-04-12,99.3152
1974-04-19,99.3152
1974-04-26,99.3152
1974-05-03,99.3808
1974-05-10,99.3808
1974-05-17,99.3808
1974-05-24,99.3808
1974-05-31,99.3808
1974-06-07,99.2598
1974-06-14,99.2598
1974-06-21,99.2598
1974-06-28,99.2598
1974-07-05,99.0105
1974-07-12,99.0105
1974-07-19,99.0105
1974-07-26,99.0105
1974-08-02,98.7370
1974-08-09,98.7370
1974-08-16,98.7370
1974-08-23,98.7370
1974-08-30,98.7370
1974-09-06,98.4920
1974-09-13,98.4920
1974-09-20,98.4920
1974-09-27,98.4920
1974-10-04,98.3337
1974-10-11,98.3337
1974-10-18,98.3337
1974-10-25,98.3337
1974-11-01,98.3850
1974-11-08,98.3850
1974-11-15,98.3850
1974-11-22,98.3850
1974-11-29,98.3850
1974-12-06,98.5925
1974-12-13,98.5925
1974-12-20,98.5925
1974-12-27,98.5925
1975-01-03,98.9062
1975-01-10,98.9062
1975-01-17,98.9062
1975-01-24,98.9062
1975-01-31,98.9062
1975-02-07,99.2225
1975-02-14,99.2225
1975-02-21,99.2225
1975-02-28,99.2225
1975-03-07,99.4906
1975-03-14,99.4906
1975-03-21,99.4906
1975-03-28,99.4906
1975-04-04,99.7251
1975-04-11,99.7251
1975-04-18,99.7251
1975-04-25,99.7251
1975-05-02,99.8935
1975-05-09,99.8935
1975-05-16,99.8935
1975-05-23,99.8935
1975-05-30,99.8935
1975-06-06,99.9355
1975-06-13,99.9355
1975-06-20,99.9355
1975-06-27,99.9355
1975-07-04,99.9401
1975-07-11,99.9401
1975-07-18,99.9401
1975-07-25,99.9401
1975-08-01,99.9221
1975-08-08,99.9221
1975-08-15,99.9221
1975-08-22,99.9221
1975-08-29,99.9221
1975-09-05,99.9337
1975-09-12,99.9337
1975-09-19,99.9337
1975-09-26,99.9337
1975-10-03,100.0853
1975-10-10,100.0853
1975-10-17,100.0853
1975-10-24,100.0853
1975-10-31,100.0853
1975-11-07,100.4609
1975-11-14,100.4609
1975-11-21,100.4609
1975-11-28,100.4609
1975-12-05,100.9923
1975-12-12,100.9923
1975-12-19,100.9923
1975-12-26,100.9923
1976-01-02,101.4866
1976-01-09,101.4866
1976-01-16,101.4866
1976-01-23,101.4866
1976-01-30,101.4866
1976-02-06,101.7308
1976-02-13,101.7308
1976-02-20,101.7308
1976-02-27,101.7308
1976-03-05,101.7516
1976-03-12,101.7516
1976-03-19,101.7516
1976-03-26,101.7516
1976-04-02,101.6693
1976-04-09,101.6693
1976-04-16,101.6693
1976-04-23,101.6693
1976-04-30,101.6693
1976-05-07,101.5822
1976-05-14,101.5822
1976-05-21,101.5822
1976-05-28,101.5822
1976-06-04,101.5264
1976-06-11,101.5264
1976-06-18,101.5264
1976-06-25,101.5264
1976-07-02,101.4829
1976-07-09,101.4829
1976-07-16,101.4829
1976-07-23,101.4829
1976-07-30,101.4829
1976-08-06,101.4465
1976-08-13,101.4465
1976-08-20,101.4465
1976-08-27,101.4465
1976-09-03,101.4256
1976-09-10,101.4256
1976-09-17,101.4256
1976-09-24,101.4256
1976-10-01,101.4165
1976-10-08,101.4165
1976-10-15,101.4165
1976-10-22,101.4165
1976-10-29,101.4165
1976-11-05,101.4682
1976-11-12,101.4682
1976-11-19,101.4682
1976-11-26,101.4682
1976-12-03,101.5443
1976-12-10,101.5443
1976-12-17,101.5443
1976-12-24,101.5443
1976-12-31,101.5443
1977-01-07,101.5833
1977-01-14,101.5833
1977-01-21,101.5833
1977-01-28,101.5833
1977-02-04,101.4513
1977-02-11,101.4513
1977-02-18,101.4513
1977-02-25,101.4513
1977-03-04,101.1448
1977-03-11,101.1448
1977-03-18,101.1448
1977-03-25,101.1448
1977-04-01,100.7451
1977-04-08,100.7451
1977-04-15,100.7451
1977-04-22,100.7451
1977-04-29,100.7451
1977-05-06,100.4939
1977-05-13,100.4939
1977-05-20,100.4939
1977-05-27,100.4939
1977-06-03,100.5227
1977-06-10,100.5227
1977-06-17,100.5227
1977-06-24,100.5227
1977-07-01,100.7340
1977-07-08,100.7340
1977-07-15,100.7340
1977-07-22,100.7340
1977-07-29,100.7340
1977-08-05,100.9649
1977-08-12,100.9649
1977-08-19,100.9649
1977-08-26,100.9649
1977-09-02,101.2104
1977-09-09,101.2104
1977-09-16,101.2104
1977-09-23,101.2104
1977-09-30,101.2104
1977-10-07,101.4589
1977-10-14,101.4589
1977-10-21,101.4589
1977-10-28,101.4589
1977-11-04,101.6597
1977-11-11,101.6597
1977-11-18,101.6597
1977-11-25,101.6597
1977-12-02,101.8230
1977-12-09,101.8230
1977-12-16,101.8230
1977-12-23,101.8230
1977-12-30,101.8230
1978-01-06,101.9157
1978-01-13,101.9157
1978-01-20,101.9157
1978-01-27,101.9157
1978-02-03,101.9483
1978-02-10,101.9483
1978-02-17,101.9483
1978-02-24,101.9483
1978-03-03,101.9497
1978-03-10,101.9497
1978-03-17,101.9497
1978-03-24,101.9497
1978-03-31,101.9497
1978-04-07,101.9599
1978-04-14,101.9599
1978-04-21,101.9599
1978-04-28,101.9599
1978-05-05,102.0327
1978-05-12,102.0327
1978-05-19,102.0327
1978-05-26,102.0327
1978-06-02,102.1701
1978-06-09,102.1701
1978-06-16,102.1701
1978-06-23,102.1701
1978-06-30,102.1701
1978-07-07,102.3504
1978-07-14,102.3504
1978-07-21,102.3504
1978-07-28,102.3504
1978-08-04,102.5751
1978-08-11,102.5751
1978-08-18,102.5751
1978-08-25,102.5751
1978-09-01,102.8177
1978-09-08,102.8177
1978-09-15,102.8177
1978-09-22,102.8177
1978-09-29,102.8177
1978-10-06,102.9694
1978-10-13,102.9694
1978-10-20,102.9694
1978-10-27,102.9694
1978-11-03,103.0156
1978-11-10,103.0156
1978-11-17,103.0156
1978-11-24,103.0156
1978-12-01,102.9493
1978-12-08,102.9493
1978-12-15,102.9493
1978-12-22,102.9493
1978-12-29,102.9493
1979-01-05,102.8160
1979-01-12,102.8160
1979-01-19,102.8160
1979-01-26,102.8160
1979-02-02,102.6662
1979-02-09,102.6662
1979-02-16,102.6662
1979-02-23,102.6662
1979-03-02,102.5194
1979-03-09,102.5194
1979-03-16,102.5194
1979-03-23,102.5194
1979-03-30,102.5194
1979-04-06,102.3260
1979-04-13,102.3260
1979-04-20,102.3260
1979-04-27,102.3260
1979-05-04,102.0998
1979-05-11,102.0998
1979-05-18,102.0998
1979-05-25,102.0998
1979-06-01,101.8740
1979-06-08,101.8740
1979-06-15,101.8740
1979-06-22,101.8740
1979-06-29,101.8740
1979-07-06,101.6819
1979-07-13,101.6819
1979-07-20,101.6819
1979-07-27,101.6819
1979-08-03,101.4906
1979-08-10,101.4906
1979-08-17,101.4906
1979-08-24,101.4906
1979-08-31,101.4906
1979-09-07,101.2709
1979-09-14,101.2709
1979-09-21,101.2709
1979-09-28,101.2709
1979-10-05,101.0184
1979-10-12,101.0184
1979-10-19,101.0184
1979-10-26,101.0184
1979-11-02,100.7004
1979-11-09,100.7004
1979-11-16,100.7004
1979-11-23,100.7004
1979-11-30,100.7004
1979-12-07,100.2933
1979-12-14,100.2933
1979-12-21,100.2933
1979-12-28,100.2933
1980-01-04,99.8359
1980-01-11,99.8359
1980-01-18,99.8359
1980-01-25,99.8359
1980-02-01,99.5760
1980-02-08,99.5760
1980-02-15,99.5760
1980-02-22,99.5760
1980-02-29,99.5760
1980-03-07,99.4585
1980-03-14,99.4585
1980-03-21,99.4585
1980-03-28,99.4585
1980-04-04,99.3982
1980-04-11,99.3982
1980-04-18,99.3982
1980-04-25,99.3982
1980-05-02,99.3569
1980-05-09,99.3569
1980-05-16,99.3569
1980-05-23,99.3569
1980-05-30,99.3569
1980-06-06,99.2608
1980-06-13,99.2608
1980-06-20,99.2608
1980-06-27,99.2608
1980-07-04,99.1773
1980-07-11,99.1773
1980-07-18,99.1773
1980-07-25,99.1773
1980-08-01,99.1156
1980-08-08,99.1156
1980-08-15,99.1156
1980-08-22,99.1156
1980-08-29,99.1156
1980-09-05,98.9810
1980-09-12,98.9810
1980-09-19,98.9810
1980-09-26,98.9810
1980-10-03,98.7237
1980-10-10,98.7237
1980-10-17,98.7237
1980-10-24,98.7237
1980-10-31,98.7237
1980-11-07,98.4106
1980-11-14,98.4106
1980-11-21,98.4106
1980-11-28,98.4106
1980-12-05,98.1621
1980-12-12,98.1621
1980-12-19,98.1621
1980-12-26,98.1621
1981-01-02,97.9226
1981-01-09,97.9226
1981-01-16,97.9226
1981-01-23,97.9226
1981-01-30,97.9226
1981-02-06,97.6539
1981-02-13,97.6539
1981-02-20,97.6539
1981-02-27,97.6539
1981-03-06,97.4278
1981-03-13,97.4278
1981-03-20,97.4278
1981-03-27,97.4278
1981-04-03,97.3107
1981-04-10,97.3107
1981-04-17,97.3107
1981-04-24,97.3107
1981-05-01,97.2484
1981-05-08,97.2484
1981-05-15,97.2484
1981-05-22,97.2484
1981-05-29,97.2484
1981-06-05,97.1265
1981-06-12,97.1265
1981-06-19,97.1265
1981-06-26,97.1265
1981-07-03,96.9896
1981-07-10,96.9896
1981-07-17,96.9896
1981-07-24,96.9896
1981-07-31,96.9896
1981-08-07,96.8312
1981-08-14,96.8312
1981-08-21,96.8312
1981-08-28,96.8312
1981-09-04,96.8405
1981-09-11,96.8405
1981-09-18,96.8405
1981-09-25,96.8405
1981-10-02,96.9697
1981-10-09,96.9697
1981-10-16,96.9697
1981-10-23,96.9697
1981-10-30,96.9697
1981-11-06,97.1326
1981-11-13,97.1326
1981-11-20,97.1326
1981-11-27,97.1326
1981-12-04,97.3728
1981-12-11,97.3728
1981-12-18,97.3728
1981-12-25,97.3728
1982-01-01,97.6661
1982-01-08,97.6661
1982-01-15,97.6661
1982-01-22,97.6661
1982-01-29,97.6661
1982-02-05,97.9151
1982-02-12,97.9151
1982-02-19,97.9151
1982-02-26,97.9151
1982-03-05,98.1497
1982-03-12,98.1497
1982-03-19,98.1497
1982-03-26,98.1497
1982-04-02,98.3286
1982-04-09,98.3286
1982-04-16,98.3286
1982-04-23,98.3286
1982-04-30,98.3286
1982-05-07,98.3826
1982-05-14,98.3826
1982-05-21,98.3826
1982-05-28,98.3826
1982-06-04,98.1723
1982-06-11,98.1723
1982-06-18,98.1723
1982-06-25,98.1723
1982-07-02,97.7133
1982-07-09,97.7133
1982-07-16,97.7133
1982-07-23,97.7133
1982-07-30,97.7133
1982-08-06,97.2667
1982-08-13,97.2667
1982-08-20,97.2667
1982-08-27,97.2667
1982-09-03,96.8888
1982-09-10,96.8888
1982-09-17,96.8888
1982-09-24,96.8888
1982-10-01,96.6681
1982-10-08,96.6681
1982-10-15,96.6681
1982-10-22,96.6681
1982-10-29,96.6681
1982-11-05,96.6224
1982-11-12,96.6224
1982-11-19,96.6224
1982-11-26,96.6224
1982-12-03,96.7586
1982-12-10,96.7586
1982-12-17,96.7586
1982-12-24,96.7586
1982-12-31,96.7586
1983-01-07,97.1603
1983-01-14,97.1603
1983-01-21,97.1603
1983-01-28,97.1603
1983-02-04,97.6950
1983-02-11,97.6950
1983-02-18,97.6950
1983-02-25,97.6950
1983-03-04,98.1843
1983-03-11,98.1843
1983-03-18,98.1843
1983-03-25,98.1843
1983-04-01,98.3528
1983-04-08,98.3528
1983-04-15,98.3528
1983-04-22,98.3528
1983-04-29,98.3528
1983-05-06,98.3019
1983-05-13,98.3019
1983-05-20,98.3019
1983-05-27,98.3019
1983-06-03,98.2472
1983-06-10,98.2472
1983-06-17,98.2472
1983-06-24,98.2472
1983-07-01,98.2266
1983-07-08,98.2266
1983-07-15,98.2266
1983-07-22,98.2266
1983-07-29,98.2266
1983-08-05,98.2220
1983-08-12,98.2220
1983-08-19,98.2220
1983-08-26,98.2220
1983-09-02,98.1685
1983-09-09,98.1685
1983-09-16,98.1685
1983-09-23,98.1685
1983-09-30,98.1685
1983-10-07,98.1759
1983-10-14,98.1759
1983-10-21,98.1759
1983-10-28,98.1759
1983-11-04,98.3274
1983-11-11,98.3274
1983-11-18,98.3274
1983-11-25,98.3274
1983-12-02,98.5193
1983-12-09,98.5193
1983-12-16,98.5193
1983-12-23,98.5193
1983-12-30,98.5193
1984-01-06,98.6325
1984-01-13,98.6325
1984-01-20,98.6325
1984-01-27,98.6325
1984-02-03,98.5426
1984-02-10,98.5426
1984-02-17,98.5426
1984-02-24,98.5426
1984-03-02,98.3571
1984-03-09,98.3571
1984-03-16,98.3571
1984-03-23,98.3571
1984-03-30,98.3571
1984-04-06,98.1720
1984-04-13,98.1720
1984-04-20,98.1720
1984-04-27,98.1720
1984-05-04,98.0726
1984-05-11,98.0726
1984-05-18,98.0726
1984-05-25,98.0726
1984-06-01,98.0529
1984-06-08,98.0529
1984-06-15,98.0529
1984-06-22,98.0529
1984-06-29,98.0529
1984-07-06,98.2298
1984-07-13,98.2298
1984-07-20,98.2298
1984-07-27,98.2298
1984-08-03,98.4631
1984-08-10,98.4631
1984-08-17,98.4631
1984-08-24,98.4631
1984-08-31,98.4631
1984-09-07,98.6723
1984-09-14,98.6723
1984-09-21,98.6723
1984-09-28,98.6723
1984-10-05,98.7928
1984-10-12,98.7928
1984-10-19,98.7928
1984-10-26,98.7928
1984-11-02,98.9693
1984-11-09,98.9693
1984-11-16,98.9693
1984-11-23,98.9693
1984-11-30,98.9693
1984-12-07,99.2573
1984-12-14,99.2573
1984-12-21,99.2573
1984-12-28,99.2573
1985-01-04,99.6510
1985-01-11,99.6510
1985-01-18,99.6510
1985-01-25,99.6510
1985-02-01,99.8229
1985-02-08,99.8229
1985-02-15,99.8229
1985-02-22,99.8229
1985-03-01,99.8237
1985-03-08,99.8237
1985-03-15,99.8237
1985-03-22,99.8237
1985-03-29,99.8237
1985-04-05,99.7990
1985-04-12,99.7990
1985-04-19,99.7990
1985-04-26,99.7990
1985-05-03,99.7365
1985-05-10,99.7365
1985-05-17,99.7365
1985-05-24,99.7365
1985-05-31,99.7365
1985-06-07,99.6871
1985-06-14,99.6871
1985-06-21,99.6871
1985-06-28,99.6871
1985-07-05,99.7145
1985-07-12,99.7145
1985-07-19,99.7145
1985-07-26,99.7145
1985-08-02,99.8336
1985-08-09,99.8336
1985-08-16,99.8336
1985-08-23,99.8336
1985-08-30,99.8336
1985-09-06,100.0667
1985-09-13,100.0667
1985-09-20,100.0667
1985-09-27,100.0667
1985-10-04,100.4084
1985-10-11,100.4084
1985-10-18,100.4084
1985-10-25,100.4084
1985-11-01,100.6761
1985-11-08,100.6761
1985-11-15,100.6761
1985-11-22,100.6761
1985-11-29,100.6761
1985-12-06,100.9234
1985-12-13,100.9234
1985-12-20,100.9234
1985-12-27,100.9234
1986-01-03,101.2567
1986-01-10,101.2567
1986-01-17,101.2567
1986-01-24,101.2567
1986-01-31,101.2567
1986-02-07,101.5035
1986-02-14,101.5035
1986-02-21,101.5035
1986-02-28,101.5035
1986-03-07,101.6062
1986-03-14,101.6062
1986-03-21,101.6062
1986-03-28,101.6062
1986-04-04,101.5716
1986-04-11,101.5716
1986-04-18,101.5716
1986-04-25,101.5716
1986-05-02,101.5070
1986-05-09,101.5070
1986-05-16,101.5070
1986-05-23,101.5070
1986-05-30,101.5070
1986-06-06,101.4883
1986-06-13,101.4883
1986-06-20,101.4883
1986-06-27,101.4883
1986-07-04,101.5394
1986-07-11,101.5394
1986-07-18,101.5394
1986-07-25,101.5394
1986-08-01,101.6519
1986-08-08,101.6519
1986-08-15,101.6519
1986-08-22,101.6519
1986-08-29,101.6519
1986-09-05,101.7335
1986-09-12,101.7335
1986-09-19,101.7335
1986-09-26,101.7335
1986-10-03,101.7752
1986-10-10,101.7752
1986-10-17,101.7752
1986-10-24,101.7752
1986-10-31,101.7752
1986-11-07,101.7419
1986-11-14,101.7419
1986-11-21,101.7419
1986-11-28,101.7419
1986-12-05,101.6704
1986-12-12,101.6704
1986-12-19,101.6704
1986-12-26,101.6704
1987-01-02,101.5907
1987-01-09,101.5907
1987-01-16,101.5907
1987-01-23,101.5907
1987-01-30,101.5907
1987-02-06,101.4862
1987-02-13,101.4862
1987-02-20,101.4862
1987-02-27,101.4862
1987-03-06,101.3725
1987-03-13,101.3725
1987-03-20,101.3725
1987-03-27,101.3725
1987-04-03,101.2350
1987-04-10,101.2350
1987-04-17,101.2350
1987-04-24,101.2350
1987-05-01,101.0861
1987-05-08,101.0861
1987-05-15,101.0861
1987-05-22,101.0861
1987-05-29,101.0861
1987-06-05,100.9914
1987-06-12,100.9914
1987-06-19,100.9914
1987-06-26,100.9914
1987-07-03,100.9943
1987-07-10,100.9943
1987-07-17,100.9943
1987-07-24,100.9943
1987-07-31,100.9943
1987-08-07,101.0710
1987-08-14,101.0710
1987-08-21,101.0710
1987-08-28,101.0710
1987-09-04,101.1839
1987-09-11,101.1839
1987-09-18,101.1839
1987-09-25,101.1839
1987-10-02,101.1764
1987-10-09,101.1764
1987-10-16,101.1764
1987-10-23,101.1764
1987-10-30,101.1764
1987-11-06,101.1081
1987-11-13,101.1081
1987-11-20,101.1081
1987-11-27,101.1081
1987-12-04,101.0938
1987-12-11,101.0938
1987-12-18,101.0938
1987-12-25,101.0938
1988-01-01,101.1206
1988-01-08,101.1206
1988-01-15,101.1206
1988-01-22,101.1206
1988-01-29,101.1206
1988-02-05,101.2017
1988-02-12,101.2017
1988-02-19,101.2017
1988-02-26,101.2017
1988-03-04,101.2940
1988-03-11,101.2940
1988-03-18,101.2940
1988-03-25,101.2940
1988-04-01,101.3564
1988-04-08,101.3564
1988-04-15,101.3564
1988-04-22,101.3564
1988-04-29,101.3564
1988-05-06,101.3419
1988-05-13,101.3419
1988-05-20,101.3419
1988-05-27,101.3419
1988-06-03,101.3305
1988-06-10,101.3305
1988-06-17,101.3305
1988-06-24,101.3305
1988-07-01,101.3762
1988-07-08,101.3762
1988-07-15,101.3762
1988-07-22,101.3762
1988-07-29,101.3762
1988-08-05,101.5463
1988-08-12,101.5463
1988-08-19,101.5463
1988-08-26,101.5463
1988-09-02,101.7638
1988-09-09,101.7638
1988-09-16,101.7638
1988-09-23,101.7638
1988-09-30,101.7638
1988-10-07,101.9729
1988-10-14,101.9729
1988-10-21,101.9729
1988-10-28,101.9729
1988-11-04,102.0895
1988-11-11,102.0895
1988-11-18,102.0895
1988-11-25,102.0895
1988-12-02,102.0710
1988-12-09,102.0710
1988-12-16,102.0710
1988-12-23,102.0710
1988-12-30,102.0710
1989-01-06,101.9685
1989-01-13,101.9685
1989-01-20,101.9685
1989-01-27,101.9685
1989-02-03,101.8326
1989-02-10,101.8326
1989-02-17,101.8326
1989-02-24,101.8326
1989-03-03,101.7046
1989-03-10,101.7046
1989-03-17,101.7046
1989-03-24,101.7046
1989-03-31,101.7046
1989-04-07,101.6121
1989-04-14,101.6121
1989-04-21,101.6121
1989-04-28,101.6121
1989-05-05,101.6136
1989-05-12,101.6136
1989-05-19,101.6136
1989-05-26,101.6136
1989-06-02,101.7509
1989-06-09,101.7509
1989-06-16,101.7509
1989-06-23,101.7509
1989-06-30,101.7509
1989-07-07,101.9078
1989-07-14,101.9078
1989-07-21,101.9078
1989-07-28,101.9078
1989-08-04,102.0366
1989-08-11,102.0366
1989-08-18,102.0366
1989-08-25,102.0366
1989-09-01,102.1684
1989-09-08,102.1684
1989-09-15,102.1684
1989-09-22,102.1684
1989-09-29,102.1684
1989-10-06,102.2570
1989-10-13,102.2570
1989-10-20,102.2570
1989-10-27,102.2570
1989-11-03,102.3260
1989-11-10,102.3260
1989-11-17,102.3260
1989-11-24,102.3260
1989-12-01,102.3809
1989-12-08,102.3809
1989-12-15,102.3809
1989-12-22,102.3809
1989-12-29,102.3809
1990-01-05,102.3677
1990-01-12,102.3677
1990-01-19,102.3677
1990-01-26,102.3677
1990-02-02,102.3138
1990-02-09,102.3138
1990-02-16,102.3138
1990-02-23,102.3138
1990-03-02,102.2294
1990-03-09,102.2294
1990-03-16,102.2294
1990-03-23,102.2294
1990-03-30,102.2294
1990-04-06,102.1893
1990-04-13,102.1893
1990-04-20,102.1893
1990-04-27,102.1893
1990-05-04,102.1378
1990-05-11,102.1378
1990-05-18,102.1378
1990-05-25,102.1378
1990-06-01,102.0961
1990-06-08,102.0961
1990-06-15,102.0961
1990-06-22,102.0961
1990-06-29,102.0961
1990-07-06,101.9630
1990-07-13,101.9630
1990-07-20,101.9630
1990-07-27,101.9630
1990-08-03,101.6115
1990-08-10,101.6115
1990-08-17,101.6115
1990-08-24,101.6115
1990-08-31,101.6115
1990-09-07,101.0786
1990-09-14,101.0786
1990-09-21,101.0786
1990-09-28,101.0786
1990-10-05,100.8048
1990-10-12,100.8048
1990-10-19,100.8048
1990-10-26,100.8048
1990-11-02,100.7685
1990-11-09,100.7685
1990-11-16,100.7685
1990-11-23,100.7685
1990-11-30,100.7685
1990-12-07,100.6762
1990-12-14,100.6762
1990-12-21,100.6762
1990-12-28,100.6762
1991-01-04,100.4462
1991-01-11,100.4462
1991-01-18,100.4462
1991-01-25,100.4462
1991-02-01,100.4124
1991-02-08,100.4124
1991-02-15,100.4124
1991-02-22,100.4124
1991-03-01,100.6043
1991-03-08,100.6043
1991-03-15,100.6043
1991-03-22,100.6043
1991-03-29,100.6043
1991-04-05,100.6960
1991-04-12,100.6960
1991-04-19,100.6960
1991-04-26,100.6960
1991-05-03,100.6539
1991-05-10,100.6539
1991-05-17,100.6539
1991-05-24,100.6539
1991-05-31,100.6539
1991-06-07,100.4212
1991-06-14,100.4212
1991-06-21,100.4212
1991-06-28,100.4212
1991-07-05,100.1274
1991-07-12,100.1274
1991-07-19,100.1274
1991-07-26,100.1274
1991-08-02,100.0138
1991-08-09,100.0138
1991-08-16,100.0138
1991-08-23,100.0138
1991-08-30,100.0138
1991-09-06,100.0838
1991-09-13,100.0838
1991-09-20,100.0838
1991-09-27,100.0838
1991-10-04,100.1328
1991-10-11,100.1328
1991-10-18,100.1328
1991-10-25,100.1328
1991-11-01,100.1537
1991-11-08,100.1537
1991-11-15,100.1537
1991-11-22,100.1537
1991-11-29,100.1537
1991-12-06,100.1199
1991-12-13,100.1199
1991-12-20,100.1199
1991-12-27,100.1199
1992-01-03,100.0483
1992-01-10,100.0483
1992-01-17,100.0483
1992-01-24,100.0483
1992-01-31,100.0483
1992-02-07,100.0055
1992-02-14,100.0055
1992-02-21,100.0055
1992-02-28,100.0055
1992-03-06,99.8712
1992-03-13,99.8712
1992-03-20,99.8712
1992-03-27,99.8712
1992-04-03,99.6611
1992-04-10,99.6611
1992-04-17,99.6611
1992-04-24,99.6611
1992-05-01,99.4931
1992-05-08,99.4931
1992-05-15,99.4931
1992-05-22,99.4931
1992-05-29,99.4931
1992-06-05,99.4065
1992-06-12,99.4065
1992-06-19,99.4065
1992-06-26,99.4065
1992-07-03,99.3053
1992-07-10,99.3053
1992-07-17,99.3053
1992-07-24,99.3053
1992-07-31,99.3053
1992-08-07,99.0738
1992-08-14,99.0738
1992-08-21,99.0738
1992-08-28,99.0738
1992-09-04,98.7330
1992-09-11,98.7330
1992-09-18,98.7330
1992-09-25,98.7330
1992-10-02,98.3931
1992-10-09,98.3931
1992-10-16,98.3931
1992-10-23,98.3931
1992-10-30,98.3931
1992-11-06,98.1182
1992-11-13,98.1182
1992-11-20,98.1182
1992-11-27,98.1182
1992-12-04,97.9034
1992-12-11,97.9034
1992-12-18,97.9034
1992-12-25,97.9034
1993-01-01,97.7813
1993-01-08,97.7813
1993-01-15,97.7813
1993-01-22,97.7813
1993-01-29,97.7813
1993-02-05,97.7855
1993-02-12,97.7855
1993-02-19,97.7855
1993-02-26,97.7855
1993-03-05,97.8486
1993-03-12,97.8486
1993-03-19,97.8486
1993-03-26,97.8486
1993-04-02,97.9664
1993-04-09,97.9664
1993-04-16,97.9664
1993-04-23,97.9664
1993-04-30,97.9664
1993-05-07,97.9384
1993-05-14,97.9384
1993-05-21,97.9384
1993-05-28,97.9384
1993-06-04,97.7817
1993-06-11,97.7817
1993-06-18,97.7817
1993-06-25,97.7817
1993-07-02,97.7030
1993-07-09,97.7030
1993-07-16,97.7030
1993-07-23,97.7030
1993-07-30,97.7030
1993-08-06,97.7242
1993-08-13,97.7242
1993-08-20,97.7242
1993-08-27,97.7242
1993-09-03,97.7607
1993-09-10,97.7607
1993-09-17,97.7607
1993-09-24,97.7607
1993-10-01,97.7401
1993-10-08,97.7401
1993-10-15,97.7401
1993-10-22,97.7401
1993-10-29,97.7401
1993-11-05,97.7616
1993-11-12,97.7616
1993-11-19,97.7616
1993-11-26,97.7616
1993-12-03,97.9210
1993-12-10,97.9210
1993-12-17,97.9210
1993-12-24,97.9210
1993-12-31,97.9210
1994-01-07,98.1489
1994-01-14,98.1489
1994-01-21,98.1489
1994-01-28,98.1489
1994-02-04,98.5272
1994-02-11,98.5272
1994-02-18,98.5272
1994-02-25,98.5272
1994-03-04,99.0048
1994-03-11,99.0048
1994-03-18,99.0048
1994-03-25,99.0048
1994-04-01,99.5512
1994-04-08,99.5512
1994-04-15,99.5512
1994-04-22,99.5512
1994-04-29,99.5512
1994-05-06,100.0697
1994-05-13,100.0697
1994-05-20,100.0697
1994-05-27,100.0697
1994-06-03,100.4388
1994-06-10,100.4388
1994-06-17,100.4388
1994-06-24,100.4388
1994-07-01,100.6367
1994-07-08,100.6367
1994-07-15,100.6367
1994-07-22,100.6367
1994-07-29,100.6367
1994-08-05,100.7914
1994-08-12,100.7914
1994-08-19,100.7914
1994-08-26,100.7914
1994-09-02,100.8992
1994-09-09,100.8992
1994-09-16,100.8992
1994-09-23,100.8992
1994-09-30,100.8992
1994-10-07,100.8936
1994-10-14,100.8936
1994-10-21,100.8936
1994-10-28,100.8936
1994-11-04,100.8171
1994-11-11,100.8171
1994-11-18,100.8171
1994-11-25,100.8171
1994-12-02,100.7149
1994-12-09,100.7149
1994-12-16,100.7149
1994-12-23,100.7149
1994-12-30,100.7149
1995-01-06,100.6274
1995-01-13,100.6274
1995-01-20,100.6274
1995-01-27,100.6274
1995-02-03,100.5810
1995-02-10,100.5810
1995-02-17,100.5810
1995-02-24,100.5810
1995-03-03,100.5913
1995-03-10,100.5913
1995-03-17,100.5913
1995-03-24,100.5913
1995-03-31,100.5913
1995-04-07,100.6818
1995-04-14,100.6818
1995-04-21,100.6818
1995-04-28,100.6818
1995-05-05,100.7895
1995-05-12,100.7895
1995-05-19,100.7895
1995-05-26,100.7895
1995-06-02,100.8142
1995-06-09,100.8142
1995-06-16,100.8142
1995-06-23,100.8142
1995-06-30,100.8142
1995-07-07,100.7346
1995-07-14,100.7346
1995-07-21,100.7346
1995-07-28,100.7346
1995-08-04,100.5836
1995-08-11,100.5836
1995-08-18,100.5836
1995-08-25,100.5836
1995-09-01,100.3603
1995-09-08,100.3603
1995-09-15,100.3603
1995-09-22,100.3603
1995-09-29,100.3603
1995-10-06,100.1246
1995-10-13,100.1246
1995-10-20,100.1246
1995-10-27,100.1246
1995-11-03,99.9135
1995-11-10,99.9135
1995-11-17,99.9135
1995-11-24,99.9135
1995-12-01,99.6964
1995-12-08,99.6964
1995-12-15,99.6964
1995-12-22,99.6964
1995-12-29,99.6964
1996-01-05,99.5312
1996-01-12,99.5312
1996-01-19,99.5312
1996-01-26,99.5312
1996-02-02,99.4450
1996-02-09,99.4450
1996-02-16,99.4450
1996-02-23,99.4450
1996-03-01,99.4321
1996-03-08,99.4321
1996-03-15,99.4321
1996-03-22,99.4321
1996-03-29,99.4321
1996-04-05,99.4280
1996-04-12,99.4280
1996-04-19,99.4280
1996-04-26,99.4280
1996-05-03,99.4621
1996-05-10,99.4621
1996-05-17,99.4621
1996-05-24,99.4621
1996-05-31,99.4621
1996-06-07,99.4665
1996-06-14,99.4665
1996-06-21,99.4665
1996-06-28,99.4665
1996-07-05,99.4370
1996-07-12,99.4370
1996-07-19,99.4370
1996-07-26,99.4370
1996-08-02,99.4573
1996-08-09,99.4573
1996-08-16,99.4573
1996-08-23,99.4573
1996-08-30,99.4573
1996-09-06,99.4484
1996-09-13,99.4484
1996-09-20,99.4484
1996-09-27,99.4484
1996-10-04,99.4003
1996-10-11,99.4003
1996-10-18,99.4003
1996-10-25,99.4003
1996-11-01,99.3804
1996-11-08,99.3804
1996-11-15,99.3804
1996-11-22,99.3804
1996-11-29,99.3804
1996-12-06,99.4427
1996-12-13,99.4427
1996-12-20,99.4427
1996-12-27,99.4427
1997-01-03,99.5346
1997-01-10,99.5346
1997-01-17,99.5346
1997-01-24,99.5346
1997-01-31,99.5346
1997-02-07,99.5478
1997-02-14,99.5478
1997-02-21,99.5478
1997-02-28,99.5478
1997-03-07,99.5608
1997-03-14,99.5608
1997-03-21,99.5608
1997-03-28,99.5608
1997-04-04,99.6307
1997-04-11,99.6307
1997-04-18,99.6307
1997-04-25,99.6307
1997-05-02,99.7800
1997-05-09,99.7800
1997-05-16,99.7800
1997-05-23,99.7800
1997-05-30,99.7800
1997-06-06,99.9825
1997-06-13,99.9825
1997-06-20,99.9825
1997-06-27,99.9825
1997-07-04,100.2100
1997-07-11,100.2100
1997-07-18,100.2100
1997-07-25,100.2100
1997-08-01,100.4532
1997-08-08,100.4532
1997-08-15,100.4532
1997-08-22,100.4532
1997-08-29,100.4532
1997-09-05,100.6340
1997-09-12,100.6340
1997-09-19,100.6340
1997-09-26,100.6340
1997-10-03,100.6983
1997-10-10,100.6983
1997-10-17,100.6983
1997-10-24,100.6983
1997-10-31,100.6983
1997-11-07,100.7143
1997-11-14,100.7143
1997-11-21,100.7143
1997-11-28,100.7143
1997-12-05,100.6967
1997-12-12,100.6967
1997-12-19,100.6967
1997-12-26,100.6967
1998-01-02,100.7303
1998-01-09,100.7303
1998-01-16,100.7303
1998-01-23,100.7303
1998-01-30,100.7303
1998-02-06,100.8481
1998-02-13,100.8481
1998-02-20,100.8481
1998-02-27,100.8481
1998-03-06,100.9973
1998-03-13,100.9973
1998-03-20,100.9973
1998-03-27,100.9973
1998-04-03,101.0894
1998-04-10,101.0894
1998-04-17,101.0894
1998-04-24,101.0894
1998-05-01,101.2148
1998-05-08,101.2148
1998-05-15,101.2148
1998-05-22,101.2148
1998-05-29,101.2148
1998-06-05,101.3548
1998-06-12,101.3548
1998-06-19,101.3548
1998-06-26,101.3548
1998-07-03,101.5354
1998-07-10,101.5354
1998-07-17,101.5354
1998-07-24,101.5354
1998-07-31,101.5354
1998-08-07,101.6320
1998-08-14,101.6320
1998-08-21,101.6320
1998-08-28,101.6320
1998-09-04,101.7201
1998-09-11,101.7201
1998-09-18,101.7201
1998-09-25,101.7201
1998-10-02,101.8384
1998-10-09,101.8384
1998-10-16,101.8384
1998-10-23,101.8384
1998-10-30,101.8384
1998-11-06,101.9288
1998-11-13,101.9288
1998-11-20,101.9288
1998-11-27,101.9288
1998-12-04,101.9420
1998-12-11,101.9420
1998-12-18,101.9420
1998-12-25,101.9420
1999-01-01,101.9149
1999-01-08,101.9149
1999-01-15,101.9149
1999-01-22,101.9149
1999-01-29,101.9149
1999-02-05,101.7894
1999-02-12,101.7894
1999-02-19,101.7894
1999-02-26,101.7894
1999-03-05,101.5516
1999-03-12,101.5516
1999-03-19,101.5516
1999-03-26,101.5516
1999-04-02,101.3290
1999-04-09,101.3290
1999-04-16,101.3290
1999-04-23,101.3290
1999-04-30,101.3290
1999-05-07,101.2372
1999-05-14,101.2372
1999-05-21,101.2372
1999-05-28,101.2372
1999-06-04,101.2944
1999-06-11,101.2944
1999-06-18,101.2944
1999-06-25,101.2944
1999-07-02,101.4300
1999-07-09,101.4300
1999-07-16,101.4300
1999-07-23,101.4300
1999-07-30,101.4300
1999-08-06,101.5946
1999-08-13,101.5946
1999-08-20,101.5946
1999-08-27,101.5946
1999-09-03,101.7925
1999-09-10,101.7925
1999-09-17,101.7925
1999-09-24,101.7925
1999-10-01,102.0290
1999-10-08,102.0290
1999-10-15,102.0290
1999-10-22,102.0290
1999-10-29,102.0290
1999-11-05,102.1961
1999-11-12,102.1961
1999-11-19,102.1961
1999-11-26,102.1961
1999-12-03,102.3113
1999-12-10,102.3113
1999-12-17,102.3113
1999-12-24,102.3113
1999-12-31,102.3113
2000-01-07,102.4069
2000-01-14,102.4069
2000-01-21,102.4069
2000-01-28,102.4069
2000-02-04,102.4425
2000-02-11,102.4425
2000-02-18,102.4425
2000-02-25,102.4425
2000-03-03,102.4329
2000-03-10,102.4329
2000-03-17,102.4329
2000-03-24,102.4329
2000-03-31,102.4329
2000-04-07,102.3851
2000-04-14,102.3851
2000-04-21,102.3851
2000-04-28,102.3851
2000-05-05,102.3354
2000-05-12,102.3354
2000-05-19,102.3354
2000-05-26,102.3354
2000-06-02,102.2573
2000-06-09,102.2573
2000-06-16,102.2573
2000-06-23,102.2573
2000-06-30,102.2573
2000-07-07,102.2233
2000-07-14,102.2233
2000-07-21,102.2233
2000-07-28,102.2233
2000-08-04,102.1196
2000-08-11,102.1196
2000-08-18,102.1196
2000-08-25,102.1196
2000-09-01,101.9313
2000-09-08,101.9313
2000-09-15,101.9313
2000-09-22,101.9313
2000-09-29,101.9313
2000-10-06,101.9304
2000-10-13,101.9304
2000-10-20,101.9304
2000-10-27,101.9304
2000-11-03,102.0532
2000-11-10,102.0532
2000-11-17,102.0532
2000-11-24,102.0532
2000-12-01,102.1525
2000-12-08,102.1525
2000-12-15,102.1525
2000-12-22,102.1525
2000-12-29,102.1525
2001-01-05,102.1548
2001-01-12,102.1548
2001-01-19,102.1548
2001-01-26,102.1548
2001-02-02,102.0448
2001-02-09,102.0448
2001-02-16,102.0448
2001-02-23,102.0448
2001-03-02,101.8910
2001-03-09,101.8910
2001-03-16,101.8910
2001-03-23,101.8910
2001-03-30,101.8910
2001-04-06,101.6760
2001-04-13,101.6760
2001-04-20,101.6760
2001-04-27,101.6760
2001-05-04,101.4505
2001-05-11,101.4505
2001-05-18,101.4505
2001-05-25,101.4505
2001-06-01,101.2403
2001-06-08,101.2403
2001-06-15,101.2403
2001-06-22,101.2403
2001-06-29,101.2403
2001-07-06,101.0765
2001-07-13,101.0765
2001-07-20,101.0765
2001-07-27,101.0765
2001-08-03,100.9259
2001-08-10,100.9259
2001-08-17,100.9259
2001-08-24,100.9259
2001-08-31,100.9259
2001-09-07,100.7990
2001-09-14,100.7990
2001-09-21,100.7990
2001-09-28,100.7990
2001-10-05,100.7323
2001-10-12,100.7323
2001-10-19,100.7323
2001-10-26,100.7323
2001-11-02,100.7482
2001-11-09,100.7482
2001-11-16,100.7482
2001-11-23,100.7482
2001-11-30,100.7482
2001-12-07,100.8652
2001-12-14,100.8652
2001-12-21,100.8652
2001-12-28,100.8652
2002-01-04,100.9704
2002-01-11,100.9704
2002-01-18,100.9704
2002-01-25,100.9704
2002-02-01,100.9818
2002-02-08,100.9818
2002-02-15,100.9818
2002-02-22,100.9818
2002-03-01,100.8836
2002-03-08,100.8836
2002-03-15,100.8836
2002-03-22,100.8836
2002-03-29,100.8836
2002-04-05,100.6862
2002-04-12,100.6862
2002-04-19,100.6862
2002-04-26,100.6862
2002-05-03,100.5244
2002-05-10,100.5244
2002-05-17,100.5244
2002-05-24,100.5244
2002-05-31,100.5244
2002-06-07,100.3520
2002-06-14,100.3520
2002-06-21,100.3520
2002-06-28,100.3520
2002-07-05,100.2150
2002-07-12,100.2150
2002-07-19,100.2150
2002-07-26,100.2150
2002-08-02,100.0608
2002-08-09,100.0608
2002-08-16,100.0608
2002-08-23,100.0608
2002-08-30,100.0608
2002-09-06,99.9026
2002-09-13,99.9026
2002-09-20,99.9026
2002-09-27,99.9026
2002-10-04,99.6668
2002-10-11,99.6668
2002-10-18,99.6668
2002-10-25,99.6668
2002-11-01,99.3505
2002-11-08,99.3505
2002-11-15,99.3505
2002-11-22,99.3505
2002-11-29,99.3505
2002-12-06,99.0340
2002-12-13,99.0340
2002-12-20,99.0340
2002-12-27,99.0340
2003-01-03,98.8054
2003-01-10,98.8054
2003-01-17,98.8054
2003-01-24,98.8054
2003-01-31,98.8054
2003-02-07,98.6576
2003-02-14,98.6576
2003-02-21,98.6576
2003-02-28,98.6576
2003-03-07,98.6052
2003-03-14,98.6052
2003-03-21,98.6052
2003-03-28,98.6052
2003-04-04,98.7207
2003-04-11,98.7207
2003-04-18,98.7207
2003-04-25,98.7207
2003-05-02,98.9068
2003-05-09,98.9068
2003-05-16,98.9068
2003-05-23,98.9068
2003-05-30,98.9068
2003-06-06,99.0886
2003-06-13,99.0886
2003-06-20,99.0886
2003-06-27,99.0886
2003-07-04,99.1953
2003-07-11,99.1953
2003-07-18,99.1953
2003-07-25,99.1953
2003-08-01,99.2304
2003-08-08,99.2304
2003-08-15,99.2304
2003-08-22,99.2304
2003-08-29,99.2304
2003-09-05,99.2762
2003-09-12,99.2762
2003-09-19,99.2762
2003-09-26,99.2762
2003-10-03,99.3477
2003-10-10,99.3477
2003-10-17,99.3477
2003-10-24,99.3477
2003-10-31,99.3477
2003-11-07,99.4299
2003-11-14,99.4299
2003-11-21,99.4299
2003-11-28,99.4299
2003-12-05,99.4628
2003-12-12,99.4628
2003-12-19,99.4628
2003-12-26,99.4628
2004-01-02,99.5103
2004-01-09,99.5103
2004-01-16,99.5103
2004-01-23,99.5103
2004-01-30,99.5103
2004-02-06,99.5881
2004-02-13,99.5881
2004-02-20,99.5881
2004-02-27,99.5881
2004-03-05,99.5877
2004-03-12,99.5877
2004-03-19,99.5877
2004-03-26,99.5877
2004-04-02,99.5065
2004-04-09,99.5065
2004-04-16,99.5065
2004-04-23,99.5065
2004-04-30,99.5065
2004-05-07,99.4481
2004-05-14,99.4481
2004-05-21,99.4481
2004-05-28,99.4481
2004-06-04,99.4518
2004-06-11,99.4518
2004-06-18,99.4518
2004-06-25,99.4518
2004-07-02,99.4954
2004-07-09,99.4954
2004-07-16,99.4954
2004-07-23,99.4954
2004-07-30,99.4954
2004-08-06,99.5747
2004-08-13,99.5747
2004-08-20,99.5747
2004-08-27,99.5747
2004-09-03,99.6608
2004-09-10,99.6608
2004-09-17,99.6608
2004-09-24,99.6608
2004-10-01,99.7039
2004-10-08,99.7039
2004-10-15,99.7039
2004-10-22,99.7039
2004-10-29,99.7039
2004-11-05,99.7155
2004-11-12,99.7155
2004-11-19,99.7155
2004-11-26,99.7155
2004-12-03,99.7810
2004-12-10,99.7810
2004-12-17,99.7810
2004-12-24,99.7810
2004-12-31,99.7810
2005-01-07,99.8802
2005-01-14,99.8802
2005-01-21,99.8802
2005-01-28,99.8802
2005-02-04,99.9337
2005-02-11,99.9337
2005-02-18,99.9337
2005-02-25,99.9337
2005-03-04,99.8718
2005-03-11,99.8718
2005-03-18,99.8718
2005-03-25,99.8718
2005-04-01,99.6928
2005-04-08,99.6928
2005-04-15,99.6928
2005-04-22,99.6928
2005-04-29,99.6928
2005-05-06,99.4684
2005-05-13,99.4684
2005-05-20,99.4684
2005-05-27,99.4684
2005-06-03,99.3277
2005-06-10,99.3277
2005-06-17,99.3277
2005-06-24,99.3277
2005-07-01,99.2897
2005-07-08,99.2897
2005-07-15,99.2897
2005-07-22,99.2897
2005-07-29,99.2897
2005-08-05,99.3484
2005-08-12,99.3484
2005-08-19,99.3484
2005-08-26,99.3484
2005-09-02,99.3985
2005-09-09,99.3985
2005-09-16,99.3985
2005-09-23,99.3985
2005-09-30,99.3985
2005-10-07,99.4843
2005-10-14,99.4843
2005-10-21,99.4843
2005-10-28,99.4843
2005-11-04,99.6384
2005-11-11,99.6384
2005-11-18,99.6384
2005-11-25,99.6384
2005-12-02,99.9068
2005-12-09,99.9068
2005-12-16,99.9068
2005-12-23,99.9068
2005-12-30,99.9068
2006-01-06,100.1397
2006-01-13,100.1397
2006-01-20,100.1397
2006-01-27,100.1397
2006-02-03,100.2540
2006-02-10,100.2540
2006-02-17,100.2540
2006-02-24,100.2540
2006-03-03,100.3083
2006-03-10,100.3083
2006-03-17,100.3083
2006-03-24,100.3083
2006-03-31,100.3083
2006-04-07,100.3322
2006-04-14,100.3322
2006-04-21,100.3322
2006-04-28,100.3322
2006-05-05,100.3002
2006-05-12,100.3002
2006-05-19,100.3002
2006-05-26,100.3002
2006-06-02,100.2758
2006-06-09,100.2758
2006-06-16,100.2758
2006-06-23,100.2758
2006-06-30,100.2758
2006-07-07,100.3312
2006-07-14,100.3312
2006-07-21,100.3312
2006-07-28,100.3312
2006-08-04,100.4042
2006-08-11,100.4042
2006-08-18,100.4042
2006-08-25,100.4042
2006-09-01,100.4942
2006-09-08,100.4942
2006-09-15,100.4942
2006-09-22,100.4942
2006-09-29,100.4942
2006-10-06,100.5897
2006-10-13,100.5897
2006-10-20,100.5897
2006-10-27,100.5897
2006-11-03,100.7176
2006-11-10,100.7176
2006-11-17,100.7176
2006-11-24,100.7176
2006-12-01,100.8480
2006-12-08,100.8480
2006-12-15,100.8480
2006-12-22,100.8480
2006-12-29,100.8480
2007-01-05,100.9063
2007-01-12,100.9063
2007-01-19,100.9063
2007-01-26,100.9063
2007-02-02,101.0058
2007-02-09,101.0058
2007-02-16,101.0058
2007-02-23,101.0058
2007-03-02,101.1102
2007-03-09,101.1102
2007-03-16,101.1102
2007-03-23,101.1102
2007-03-30,101.1102
2007-04-06,101.2133
2007-04-13,101.2133
2007-04-20,101.2133
2007-04-27,101.2133
2007-05-04,101.3193
2007-05-11,101.3193
2007-05-18,101.3193
2007-05-25,101.3193
2007-06-01,101.3106
2007-06-08,101.3106
2007-06-15,101.3106
2007-06-22,101.3106
2007-06-29,101.3106
2007-07-06,101.1785
2007-07-13,101.1785
2007-07-20,101.1785
2007-07-27,101.1785
2007-08-03,100.8913
2007-08-10,100.8913
2007-08-17,100.8913
2007-08-24,100.8913
2007-08-31,100.8913
2007-09-07,100.5546
2007-09-14,100.5546
2007-09-21,100.5546
2007-09-28,100.5546
2007-10-05,100.2231
2007-10-12,100.2231
2007-10-19,100.2231
2007-10-26,100.2231
2007-11-02,99.8460
2007-11-09,99.8460
2007-11-16,99.8460
2007-11-23,99.8460
2007-11-30,99.8460
2007-12-07,99.5422
2007-12-14,99.5422
2007-12-21,99.5422
2007-12-28,99.5422
2008-01-04,99.2786
2008-01-11,99.2786
2008-01-18,99.2786
2008-01-25,99.2786
2008-02-01,99.1179
2008-02-08,99.1179
2008-02-15,99.1179
2008-02-22,99.1179
2008-02-29,99.1179
2008-03-07,98.9510
2008-03-14,98.9510
2008-03-21,98.9510
2008-03-28,98.9510
2008-04-04,98.6576
2008-04-11,98.6576
2008-04-18,98.6576
2008-04-25,98.6576
2008-05-02,98.1891
2008-05-09,98.1891
2008-05-16,98.1891
2008-05-23,98.1891
2008-05-30,98.1891
2008-06-06,97.6386
2008-06-13,97.6386
2008-06-20,97.6386
2008-06-27,97.6386
2008-07-04,97.3174
2008-07-11,97.3174
2008-07-18,97.3174
2008-07-25,97.3174
2008-08-01,97.3552
2008-08-08,97.3552
2008-08-15,97.3552
2008-08-22,97.3552
2008-08-29,97.3552
2008-09-05,97.4342
2008-09-12,97.4342
2008-09-19,97.4342
2008-09-26,97.4342
2008-10-03,97.3098
2008-10-10,97.3098
2008-10-17,97.3098
2008-10-24,97.3098
2008-10-31,97.3098
2008-11-07,97.1521
2008-11-14,97.1521
2008-11-21,97.1521
2008-11-28,97.1521
2008-12-05,96.9701
2008-12-12,96.9701
2008-12-19,96.9701
2008-12-26,96.9701
2009-01-02,96.8543
2009-01-09,96.8543
2009-01-16,96.8543
2009-01-23,96.8543
2009-01-30,96.8543
2009-02-06,96.7945
2009-02-13,96.7945
2009-02-20,96.7945
2009-02-27,96.7945
2009-03-06,96.9078
2009-03-13,96.9078
2009-03-20,96.9078
2009-03-27,96.9078
2009-04-03,97.2467
2009-04-10,97.2467
2009-04-17,97.2467
2009-04-24,97.2467
2009-05-01,97.6576
2009-05-08,97.6576
2009-05-15,97.6576
2009-05-22,97.6576
2009-05-29,97.6576
2009-06-05,98.0855
2009-06-12,98.0855
2009-06-19,98.0855
2009-06-26,98.0855
2009-07-03,98.5260
2009-07-10,98.5260
2009-07-17,98.5260
2009-07-24,98.5260
2009-07-31,98.5260
2009-08-07,98.9616
2009-08-14,98.9616
2009-08-21,98.9616
2009-08-28,98.9616
2009-09-04,99.3681
2009-09-11,99.3681
2009-09-18,99.3681
2009-09-25,99.3681
2009-10-02,99.6427
2009-10-09,99.6427
2009-10-16,99.6427
2009-10-23,99.6427
2009-10-30,99.6427
2009-11-06,99.7570
2009-11-13,99.7570
2009-11-20,99.7570
2009-11-27,99.7570
2009-12-04,99.7336
2009-12-11,99.7336
2009-12-18,99.7336
2009-12-25,99.7336
2010-01-01,99.5601
2010-01-08,99.5601
2010-01-15,99.5601
2010-01-22,99.5601
2010-01-29,99.5601
2010-02-05,99.2961
2010-02-12,99.2961
2010-02-19,99.2961
2010-02-26,99.2961
2010-03-05,99.0795
2010-03-12,99.0795
2010-03-19,99.0795
2010-03-26,99.0795
2010-04-02,98.8865
2010-04-09,98.8865
2010-04-16,98.8865
2010-04-23,98.8865
2010-04-30,98.8865
2010-05-07,98.6087
2010-05-14,98.6087
2010-05-21,98.6087
2010-05-28,98.6087
2010-06-04,98.5536
2010-06-11,98.5536
2010-06-18,98.5536
2010-06-25,98.5536
2010-07-02,98.8274
2010-07-09,98.8274
2010-07-16,98.8274
2010-07-23,98.8274
2010-07-30,98.8274
2010-08-06,99.2230
2010-08-13,99.2230
2010-08-20,99.2230
2010-08-27,99.2230
2010-09-03,99.4767
2010-09-10,99.4767
2010-09-17,99.4767
2010-09-24,99.4767
2010-10-01,99.5721
2010-10-08,99.5721
2010-10-15,99.5721
2010-10-22,99.5721
2010-10-29,99.5721
2010-11-05,99.5982
2010-11-12,99.5982
2010-11-19,99.5982
2010-11-26,99.5982
2010-12-03,99.4861
2010-12-10,99.4861
2010-12-17,99.4861
2010-12-24,99.4861
2010-12-31,99.4861
2011-01-07,99.3465
2011-01-14,99.3465
2011-01-21,99.3465
2011-01-28,99.3465
2011-02-04,99.2462
2011-02-11,99.2462
2011-02-18,99.2462
2011-02-25,99.2462
2011-03-04,99.0963
2011-03-11,99.0963
2011-03-18,99.0963
2011-03-25,99.0963
2011-04-01,98.9479
2011-04-08,98.9479
2011-04-15,98.9479
2011-04-22,98.9479
2011-04-29,98.9479
2011-05-06,98.8904
2011-05-13,98.8904
2011-05-20,98.8904
2011-05-27,98.8904
2011-06-03,98.8644
2011-06-10,98.8644
2011-06-17,98.8644
2011-06-24,98.8644
2011-07-01,98.7193
2011-07-08,98.7193
2011-07-15,98.7193
2011-07-22,98.7193
2011-07-29,98.7193
2011-08-05,98.4070
2011-08-12,98.4070
2011-08-19,98.4070
2011-08-26,98.4070
2011-09-02,98.1270
2011-09-09,98.1270
2011-09-16,98.1270
2011-09-23,98.1270
2011-09-30,98.1270
2011-10-07,97.9394
2011-10-14,97.9394
2011-10-21,97.9394
2011-10-28,97.9394
2011-11-04,97.8777
2011-11-11,97.8777
2011-11-18,97.8777
2011-11-25,97.8777
2011-12-02,97.8281
2011-12-09,97.8281
2011-12-16,97.8281
2011-12-23,97.8281
2011-12-30,97.8281
2012-01-06,97.8435
2012-01-13,97.8435
2012-01-20,97.8435
2012-01-27,97.8435
2012-02-03,97.9408
2012-02-10,97.9408
2012-02-17,97.9408
2012-02-24,97.9408
2012-03-02,98.0023
2012-03-09,98.0023
2012-03-16,98.0023
2012-03-23,98.0023
2012-03-30,98.0023
2012-04-06,97.9295
2012-04-13,97.9295
2012-04-20,97.9295
2012-04-27,97.9295
2012-05-04,97.8334
2012-05-11,97.8334
2012-05-18,97.8334
2012-05-25,97.8334
2012-06-01,97.7440
2012-06-08,97.7440
2012-06-15,97.7440
2012-06-22,97.7440
2012-06-29,97.7440
2012-07-06,97.6221
2012-07-13,97.6221
2012-07-20,97.6221
2012-07-27,97.6221
2012-08-03,97.4492
2012-08-10,97.4492
2012-08-17,97.4492
2012-08-24,97.4492
2012-08-31,97.4492
2012-09-07,97.2654
2012-09-14,97.2654
2012-09-21,97.2654
2012-09-28,97.2654
2012-10-05,97.1741
2012-10-12,97.1741
2012-10-19,97.1741
2012-10-26,97.1741
2012-11-02,97.1347
2012-11-09,97.1347
2012-11-16,97.1347
2012-11-23,97.1347
2012-11-30,97.1347
2012-12-07,97.1659
2012-12-14,97.1659
2012-12-21,97.1659
2012-12-28,97.1659
2013-01-04,97.3286
2013-01-11,97.3286
2013-01-18,97.3286
2013-01-25,97.3286
2013-02-01,97.4716
2013-02-08,97.4716
2013-02-15,97.4716
2013-02-22,97.4716
2013-03-01,97.5439
2013-03-08,97.5439
2013-03-15,97.5439
2013-03-22,97.5439
2013-03-29,97.5439
2013-04-05,97.5915
2013-04-12,97.5915
2013-04-19,97.5915
2013-04-26,97.5915
2013-05-03,97.6296
2013-05-10,97.6296
2013-05-17,97.6296
2013-05-24,97.6296
2013-05-31,97.6296
2013-06-07,97.7904
2013-06-14,97.7904
2013-06-21,97.7904
2013-06-28,97.7904
2013-07-05,98.0610
2013-07-12,98.0610
2013-07-19,98.0610
2013-07-26,98.0610
2013-08-02,98.4030
2013-08-09,98.4030
2013-08-16,98.4030
2013-08-23,98.4030
2013-08-30,98.4030
2013-09-06,98.7049
2013-09-13,98.7049
2013-09-20,98.7049
2013-09-27,98.7049
2013-10-04,98.8600
2013-10-11,98.8600
2013-10-18,98.8600
2013-10-25,98.8600
2013-11-01,98.9955
2013-11-08,98.9955
2013-11-15,98.9955
2013-11-22,98.9955
2013-11-29,98.9955
2013-12-06,99.1500
2013-12-13,99.1500
2013-12-20,99.1500
2013-12-27,99.1500
2014-01-03,99.3331
2014-01-10,99.3331
2014-01-17,99.3331
2014-01-24,99.3331
2014-01-31,99.3331
2014-02-07,99.5113
2014-02-14,99.5113
2014-02-21,99.5113
2014-02-28,99.5113
2014-03-07,99.6765
2014-03-14,99.6765
2014-03-21,99.6765
2014-03-28,99.6765
2014-04-04,99.7790
2014-04-11,99.7790
2014-04-18,99.7790
2014-04-25,99.7790
2014-05-02,99.8431
2014-05-09,99.8431
2014-05-16,99.8431
2014-05-23,99.8431
2014-05-30,99.8431
2014-06-06,99.8356
2014-06-13,99.8356
2014-06-20,99.8356
2014-06-27,99.8356
2014-07-04,99.7421
2014-07-11,99.7421
2014-07-18,99.7421
2014-07-25,99.7421
2014-08-01,99.5742
2014-08-08,99.5742
2014-08-15,99.5742
2014-08-22,99.5742
2014-08-29,99.5742
2014-09-05,99.4630
2014-09-12,99.4630
2014-09-19,99.4630
2014-09-26,99.4630
2014-10-03,99.4639
2014-10-10,99.4639
2014-10-17,99.4639
2014-10-24,99.4639
2014-10-31,99.4639
2014-11-07,99.5553
2014-11-14,99.5553
2014-11-21,99.5553
2014-11-28,99.5553
2014-12-05,99.8062
2014-12-12,99.8062
2014-12-19,99.8062
2014-12-26,99.8062
2015-01-02,100.2283
2015-01-09,100.2283
2015-01-16,100.2283
2015-01-23,100.2283
2015-01-30,100.2283
2015-02-06,100.6929
2015-02-13,100.6929
2015-02-20,100.6929
2015-02-27,100.6929
2015-03-06,100.9846
2015-03-13,100.9846
2015-03-20,100.9846
2015-03-27,100.9846
2015-04-03,101.0074
2015-04-10,101.0074
2015-04-17,101.0074
2015-04-24,101.0074
2015-05-01,100.8567
2015-05-08,100.8567
2015-05-15,100.8567
2015-05-22,100.8567
2015-05-29,100.8567
2015-06-05,100.6845
2015-06-12,100.6845
2015-06-19,100.6845
2015-06-26,100.6845
2015-07-03,100.5708
2015-07-10,100.5708
2015-07-17,100.5708
2015-07-24,100.5708
2015-07-31,100.5708
2015-08-07,100.6118
2015-08-14,100.6118
2015-08-21,100.6118
2015-08-28,100.6118
2015-09-04,100.7258
2015-09-11,100.7258
2015-09-18,100.7258
2015-09-25,100.7258
2015-10-02,100.8638
2015-10-09,100.8638
2015-10-16,100.8638
2015-10-23,100.8638
2015-10-30,100.8638
2015-11-06,101.0079
2015-11-13,101.0079
2015-11-20,101.0079
2015-11-27,101.0079
2015-12-04,101.0885
2015-12-11,101.0885
2015-12-18,101.0885
2015-12-25,101.0885
2016-01-01,101.0366
2016-01-08,101.0366
2016-01-15,101.0366
2016-01-22,101.0366
2016-01-29,101.0366
2016-02-05,100.8707
2016-02-12,100.8707
2016-02-19,100.8707
2016-02-26,100.8707
2016-03-04,100.6926
2016-03-11,100.6926
2016-03-18,100.6926
2016-03-25,100.6926
2016-04-01,100.6017
2016-04-08,100.6017
2016-04-15,100.6017
2016-04-22,100.6017
2016-04-29,100.6017
2016-05-06,100.5659
2016-05-13,100.5659
2016-05-20,100.5659
2016-05-27,100.5659
2016-06-03,100.5680
2016-06-10,100.5680
2016-06-17,100.5680
2016-06-24,100.5680
2016-07-01,100.5576
2016-07-08,100.5576
2016-07-15,100.5576
2016-07-22,100.5576
2016-07-29,100.5576
2016-08-05,100.5890
2016-08-12,100.5890
2016-08-19,100.5890
2016-08-26,100.5890
2016-09-02,100.6919
2016-09-09,100.6919
2016-09-16,100.6919
2016-09-23,100.6919
2016-09-30,100.6919
2016-10-07,100.8675
2016-10-14,100.8675
2016-10-21,100.8675
2016-10-28,100.8675
2016-11-04,101.0420
2016-11-11,101.0420
2016-11-18,101.0420
2016-11-25,101.0420
2016-12-02,101.1425
2016-12-09,101.1425
2016-12-16,101.1425
2016-12-23,101.1425
2016-12-30,101.1425
2017-01-06,101.1463
2017-01-13,101.1463
2017-01-20,101.1463
2017-01-27,101.1463
2017-02-03,101.0919
2017-02-10,101.0919
2017-02-17,101.0919
2017-02-24,101.0919
2017-03-03,101.1317
2017-03-10,101.1317
2017-03-17,101.1317
2017-03-24,101.1317
2017-03-31,101.1317
2017-04-07,101.2223
2017-04-14,101.2223
2017-04-21,101.2223
2017-04-28,101.2223
2017-05-05,101.3369
2017-05-12,101.3369
2017-05-19,101.3369
2017-05-26,101.3369
2017-06-02,101.4859
2017-06-09,101.4859
2017-06-16,101.4859
2017-06-23,101.4859
2017-06-30,101.4859
2017-07-07,101.6030
2017-07-14,101.6030
2017-07-21,101.6030
2017-07-28,101.6030
2017-08-04,101.7034
2017-08-11,101.7034
2017-08-18,101.7034
2017-08-25,101.7034
2017-09-01,101.8225
2017-09-08,101.8225
2017-09-15,101.8225
2017-09-22,101.8225
2017-09-29,101.8225
2017-10-06,101.9720
2017-10-13,101.9720
2017-10-20,101.9720
2017-10-27,101.9720
2017-11-03,102.1040
2017-11-10,102.1040
2017-11-17,102.1040
2017-11-24,102.1040
2017-12-01,102.1857
2017-12-08,102.1857
2017-12-15,102.1857
2017-12-22,102.1857
2017-12-29,102.1857
2018-01-05,102.1512
2018-01-12,102.1512
2018-01-19,102.1512
2018-01-26,102.1512
2018-02-02,102.0152
2018-02-09,102.0152
2018-02-16,102.0152
2018-02-23,102.0152
2018-03-02,101.8520
2018-03-09,101.8520
2018-03-16,101.8520
2018-03-23,101.8520
2018-03-30,101.8520
2018-04-06,101.7076
2018-04-13,101.7076
2018-04-20,101.7076
2018-04-27,101.7076
2018-05-04,101.5672
2018-05-11,101.5672
2018-05-18,101.5672
2018-05-25,101.5672
2018-06-01,101.4994
2018-06-08,101.4994
2018-06-15,101.4994
2018-06-22,101.4994
2018-06-29,101.4994
2018-07-06,101.4613
2018-07-13,101.4613
2018-07-20,101.4613
2018-07-27,101.4613
2018-08-03,101.4222
2018-08-10,101.4222
2018-08-17,101.4222
2018-08-24,101.4222
2018-08-31,101.4222
2018-09-07,101.3736
2018-09-14,101.3736
2018-09-21,101.3736
2018-09-28,101.3736
2018-10-05,101.3404
2018-10-12,101.3404
2018-10-19,101.3404
2018-10-26,101.3404
2018-11-02,101.2336
2018-11-09,101.2336
2018-11-16,101.2336
2018-11-23,101.2336
2018-11-30,101.2336
2018-12-07,101.1078
2018-12-14,101.1078
2018-12-21,101.1078
2018-12-28,101.1078
2019-01-04,101.0994
2019-01-11,101.0994
2019-01-18,101.0994
2019-01-25,101.0994
2019-02-01,101.1338
2019-02-08,101.1338
2019-02-15,101.1338
2019-02-22,101.1338
2019-03-01,101.1566
2019-03-08,101.1566
2019-03-15,101.1566
2019-03-22,101.1566
2019-03-29,101.1566
2019-04-05,101.1279
2019-04-12,101.1279
2019-04-19,101.1279
2019-04-26,101.1279
2019-05-03,101.1110
2019-05-10,101.1110
2019-05-17,101.1110
2019-05-24,101.1110
2019-05-31,101.1110
2019-06-07,101.0774
2019-06-14,101.0774
2019-06-21,101.0774
2019-06-28,101.0774
2019-07-05,101.0638
2019-07-12,101.0638
2019-07-19,101.0638
2019-07-26,101.0638
2019-08-02,101.0376
2019-08-09,101.0376
2019-08-16,101.0376
2019-08-23,101.0376
2019-08-30,101.0376
2019-09-06,101.0502
2019-09-13,101.0502
2019-09-20,101.0502
2019-09-27,101.0502
2019-10-04,101.0681
2019-10-11,101.0681
2019-10-18,101.0681
2019-10-25,101.0681
2019-11-01,101.0995
2019-11-08,101.0995
2019-11-15,101.0995
2019-11-22,101.0995
2019-11-29,101.0995
2019-12-06,101.0647
2019-12-13,101.0647
2019-12-20,101.0647
2019-12-27,101.0647
2020-01-03,100.9045
2020-01-10,100.9045
2020-01-17,100.9045
2020-01-24,100.9045
2020-01-31,100.9045
2020-02-07,100.3076
2020-02-14,100.3076
2020-02-21,100.3076
2020-02-28,100.3076
2020-03-06,99.0102
2020-03-13,99.0102
2020-03-20,99.0102
2020-03-27,99.0102
2020-04-03,97.7011
2020-04-10,97.7011
2020-04-17,97.7011
2020-04-24,97.7011
2020-05-01,97.5848
2020-05-08,97.5848
2020-05-15,97.5848
2020-05-22,97.5848
2020-05-29,97.5848
2020-06-05,98.1955
2020-06-12,98.1955
2020-06-19,98.1955
2020-06-26,98.1955
2020-07-03,98.7160
2020-07-10,98.7160
2020-07-17,98.7160
2020-07-24,98.7160
2020-07-31,98.7160
2020-08-07,99.0162
2020-08-14,99.0162
2020-08-21,99.0162
2020-08-28,99.0162
2020-09-04,99.1055
2020-09-11,99.1055
2020-09-18,99.1055
2020-09-25,99.1055
2020-10-02,98.9715
2020-10-09,98.9715
2020-10-16,98.9715
2020-10-23,98.9715
2020-10-30,98.9715
2020-11-06,98.8829
2020-11-13,98.8829
2020-11-20,98.8829
2020-11-27,98.8829
2020-12-04,99.0761
2020-12-11,99.0761
2020-12-18,99.0761
2020-12-25,99.0761
2021-01-01,99.2279
2021-01-08,99.2279
2021-01-15,99.2279
2021-01-22,99.2279
2021-01-29,99.2279
2021-02-05,99.5212
2021-02-12,99.5212
2021-02-19,99.5212
2021-02-26,99.5212
2021-03-05,100.0178
2021-03-12,100.0178
2021-03-19,100.0178
2021-03-26,100.0178
2021-04-02,100.5888
2021-04-09,100.5888
2021-04-16,100.5888
2021-04-23,100.5888
2021-04-30,100.5888
2021-05-07,101.3127
2021-05-14,101.3127
2021-05-21,101.3127
2021-05-28,101.3127
2021-06-04,101.8484
2021-06-11,101.8484
2021-06-18,101.8484
2021-06-25,101.8484
2021-07-02,101.9419
2021-07-09,101.9419
2021-07-16,101.9419
2021-07-23,101.9419
2021-07-30,101.9419
2021-08-06,101.8411
2021-08-13,101.8411
2021-08-20,101.8411
2021-08-27,101.8411
2021-09-03,101.7272
2021-09-10,101.7272
2021-09-17,101.7272
2021-09-24,101.7272
2021-10-01,101.4240
2021-10-08,101.4240
2021-10-15,101.4240
2021-10-22,101.4240
2021-10-29,101.4240
2021-11-05,100.9869
2021-11-12,100.9869
2021-11-19,100.9869
2021-11-26,100.9869
2021-12-03,100.5871
2021-12-10,100.5871
2021-12-17,100.5871
2021-12-24,100.5871
2021-12-31,100.5871
2022-01-07,100.1092
2022-01-14,100.1092
2022-01-21,100.1092
2022-01-28,100.1092
2022-02-04,99.2440
2022-02-11,99.2440
2022-02-18,99.2440
2022-02-25,99.2440
2022-03-04,97.8820
2022-03-11,97.8820
2022-03-18,97.8820
2022-03-25,97.8820
2022-04-01,97.0068
2022-04-08,97.0068
2022-04-15,97.0068
2022-04-22,97.0068
2022-04-29,97.0068
2022-05-06,96.5337
2022-05-13,96.5337
2022-05-20,96.5337
2022-05-27,96.5337
2022-06-03,96.0733
2022-06-10,96.0733
2022-06-17,96.0733
2022-06-24,96.0733
2022-07-01,95.6558
2022-07-08,95.6558
2022-07-15,95.6558
2022-07-22,95.6558
2022-07-29,95.6558
2022-08-05,95.4645
2022-08-12,95.4645
2022-08-19,95.4645
2022-08-26,95.4645
2022-09-02,95.3309
2022-09-09,95.3309
2022-09-16,95.3309
2022-09-23,95.3309
2022-09-30,95.3309
2022-10-07,95.5686
2022-10-14,95.5686
2022-10-21,95.5686
2022-10-28,95.5686
2022-11-04,96.1284
2022-11-11,96.1284
2022-11-18,96.1284
2022-11-25,96.1284
2022-12-02,96.6964
2022-12-09,96.6964
2022-12-16,96.6964
2022-12-23,96.6964
2022-12-30,96.6964
2023-01-06,97.1684
2023-01-13,97.1684
2023-01-20,97.1684
2023-01-27,97.1684
2023-02-03,97.5296
2023-02-10,97.5296
2023-02-17,97.5296
2023-02-24,97.5296
2023-03-03,97.7741
2023-03-10,97.7741
2023-03-17,97.7741
2023-03-24,97.7741
2023-03-31,97.7741
2023-04-07,98.0188
2023-04-14,98.0188
2023-04-21,98.0188
2023-04-28,98.0188
2023-05-05,98.2315
2023-05-12,98.2315
2023-05-19,98.2315
2023-05-26,98.2315
2023-06-02,98.4331
2023-06-09,98.4331
2023-06-16,98.4331
2023-06-23,98.4331
2023-06-30,98.4331
2023-07-07,98.5130
2023-07-14,98.5130
2023-07-21,98.5130
2023-07-28,98.5130
2023-08-04,98.3912
2023-08-11,98.3912
2023-08-18,98.3912
2023-08-25,98.3912
2023-09-01,98.1896
2023-09-08,98.1896
2023-09-15,98.1896
2023-09-22,98.1896
2023-09-29,98.1896
2023-10-06,98.1308
2023-10-13,98.1308
2023-10-20,98.1308
2023-10-27,98.1308
2023-11-03,98.2636
2023-11-10,98.2636
2023-11-17,98.2636
2023-11-24,98.2636
2023-12-01,98.4667
2023-12-08,98.4667
2023-12-15,98.4667
2023-12-22,98.4667
2023-12-29,98.4667
2024-01-05,98.5667
2024-01-12,98.5667
2024-01-19,98.5667
2024-01-26,98.5667
2024-02-02,98.5667
2024-02-09,98.5667
2024-02-16,98.5667
2024-02-23,98.5667
2024-03-01,98.5667
2024-03-08,98.5667
2024-03-15,98.5667
2024-03-22,98.5667
2024-03-29,98.5667
2024-04-05,98.5667
2024-04-12,98.5667
2024-04-19,98.5667
2024-04-26,98.5667
2024-05-03,98.5667
2024-05-10,98.5667
2024-05-17,98.5667
2024-05-24,98.5667
2024-05-31,98.5667
2024-06-07,98.5667
2024-06-14,98.5667
2024-06-21,98.5667
2024-06-28,98.5667
2024-07-05,98.5667
2024-07-12,98.5667
2024-07-19,98.5667
2024-07-26,98.5667
2024-08-02,98.5667
2024-08-09,98.5667
2024-08-16,98.5667
2024-08-23,98.5667
2024-08-30,98.5667
2024-09-06,98.5667
2024-09-13,98.5667
2024-09-20,98.5667
2024-09-27,98.5667
2024-10-04,98.5667
2024-10-11,98.5667
2024-10-18,98.5667
2024-10-25,98.5667
2024-11-01,98.5667
2024-11-08,98.5667
2024-11-15,98.5667
2024-11-22,98.5667
2024-11-29,98.5667
2024-12-06,98.5667
2024-12-13,98.5667
2024-12-20,98.5667
2024-12-27,98.5667
2025-01-03,98.5667
2025-01-10,98.5667
2025-01-17,98.5667
2025-01-24,98.5667
2025-01-31,98.5667
2025-02-07,98.5667
2025-02-14,98.5667
2025-02-21,98.5667
2025-02-28,98.5667
2025-03-07,98.5667
2025-03-14,98.5667
2025-03-21,98.5667
2025-03-28,98.5667
2025-04-04,98.5667
2025-04-11,98.5667
2025-04-18,98.5667
2025-04-25,98.5667
2025-05-02,98.5667
2025-05-09,98.5667
2025-05-16,98.5667
2025-05-23,98.5667
2025-05-30,98.5667
2025-06-06,98.5667
2025-06-13,98.5667
2025-06-20,98.5667
2025-06-27,98.5667
2025-07-04,98.5667
2025-07-11,98.5667
2025-07-18,98.5667
2025-07-25,98.5667
2025-08-01,98.5667
2025-08-08,98.5667
2025-08-15,98.5667
2025-08-22,98.5667
2025-08-29,98.5667
2025-09-05,98.5667
2025-09-12,98.5667
2025-09-19,98.5667
2025-09-26,98.5667
2025-10-03,98.5667
2025-10-10,98.5667
2025-10-17,98.5667
2025-10-24,98.5667
2025-10-31,98.5667
2025-11-07,98.5667
2025-11-14,98.5667
2025-11-21,98.5667
2025-11-28,98.5667
2025-12-05,98.5667
2025-12-12,98.5667
2025-12-19,98.5667
2025-12-26,98.5667
2026-01-02,98.5667
2026-01-09,98.5667
2026-01-16,98.5667
2026-01-23,98.5667
2026-01-30,98.5667
2026-02-06,98.5667
2026-02-13,98.5667
2026-02-20,98.5667
2026-02-27,98.5667
2026-03-06,98.5667
2026-03-13,98.5667
2026-03-20,98.5667
2026-03-27,98.5667
2026-04-03,98.5667
2026-04-10,98.5667
2026-04-17,98.5667
2026-04-24,98.5667
