Date,BSCICP03USM665S
1946-12-27,
1947-01-03,
1947-01-10,
1947-01-17,
1947-01-24,
1947-01-31,
1947-02-07,
1947-02-14,
1947-02-21,
1947-02-28,
1947-03-07,
1947-03-14,
1947-03-21,
1947-03-28,
1947-04-04,
1947-04-11,
1947-04-18,
1947-04-25,
1947-05-02,
1947-05-09,
1947-05-16,
1947-05-23,
1947-05-30,
1947-06-06,
1947-06-13,
1947-06-20,
1947-06-27,
1947-07-04,
1947-07-11,
1947-07-18,
1947-07-25,
1947-08-01,
1947-08-08,
1947-08-15,
1947-08-22,
1947-08-29,
1947-09-05,
1947-09-12,
1947-09-19,
1947-09-26,
1947-10-03,
1947-10-10,
1947-10-17,
1947-10-24,
1947-10-31,
1947-11-07,
1947-11-14,
1947-11-21,
1947-11-28,
1947-12-05,
1947-12-12,
1947-12-19,
1947-12-26,
1948-01-02,
1948-01-09,
1948-01-16,
1948-01-23,
1948-01-30,
1948-02-06,
1948-02-13,
1948-02-20,
1948-02-27,
1948-03-05,
1948-03-12,
1948-03-19,
1948-03-26,
1948-04-02,
1948-04-09,
1948-04-16,
1948-04-23,
1948-04-30,
1948-05-07,
1948-05-14,
1948-05-21,
1948-05-28,
1948-06-04,
1948-06-11,
1948-06-18,
1948-06-25,
1948-07-02,
1948-07-09,
1948-07-16,
1948-07-23,
1948-07-30,
1948-08-06,
1948-08-13,
1948-08-20,
1948-08-27,
1948-09-03,
1948-09-10,
1948-09-17,
1948-09-24,
1948-10-01,
1948-10-08,
1948-10-15,
1948-10-22,
1948-10-29,
1948-11-05,
1948-11-12,
1948-11-19,
1948-11-26,
1948-12-03,
1948-12-10,
1948-12-17,
1948-12-24,
1948-12-31,
1949-01-07,
1949-01-14,
1949-01-21,
1949-01-28,
1949-02-04,
1949-02-11,
1949-02-18,
1949-02-25,
1949-03-04,
1949-03-11,
1949-03-18,
1949-03-25,
1949-04-01,
1949-04-08,
1949-04-15,
1949-04-22,
1949-04-29,
1949-05-06,
1949-05-13,
1949-05-20,
1949-05-27,
1949-06-03,
1949-06-10,
1949-06-17,
1949-06-24,
1949-07-01,
1949-07-08,
1949-07-15,
1949-07-22,
1949-07-29,
1949-08-05,
1949-08-12,
1949-08-19,
1949-08-26,
1949-09-02,
1949-09-09,
1949-09-16,
1949-09-23,
1949-09-30,
1949-10-07,
1949-10-14,
1949-10-21,
1949-10-28,
1949-11-04,
1949-11-11,
1949-11-18,
1949-11-25,
1949-12-02,
1949-12-09,
1949-12-16,
1949-12-23,
1949-12-30,
1950-01-06,101.1195
1950-01-13,101.1195
1950-01-20,101.1195
1950-01-27,101.1195
1950-02-03,101.6662
1950-02-10,101.6662
1950-02-17,101.6662
1950-02-24,101.6662
1950-03-03,102.3950
1950-03-10,102.3950
1950-03-17,102.3950
1950-03-24,102.3950
1950-03-31,102.3950
1950-04-07,103.4334
1950-04-14,103.4334
1950-04-21,103.4334
1950-04-28,103.4334
1950-05-05,104.4801
1950-05-12,104.4801
1950-05-19,104.4801
1950-05-26,104.4801
1950-06-02,105.0959
1950-06-09,105.0959
1950-06-16,105.0959
1950-06-23,105.0959
1950-06-30,105.0959
1950-07-07,105.1192
1950-07-14,105.1192
1950-07-21,105.1192
1950-07-28,105.1192
1950-08-04,104.4706
1950-08-11,104.4706
1950-08-18,104.4706
1950-08-25,104.4706
1950-09-01,103.3298
1950-09-08,103.3298
1950-09-15,103.3298
1950-09-22,103.3298
1950-09-29,103.3298
1950-10-06,102.4069
1950-10-13,102.4069
1950-10-20,102.4069
1950-10-27,102.4069
1950-11-03,102.3774
1950-11-10,102.3774
1950-11-17,102.3774
1950-11-24,102.3774
1950-12-01,102.8340
1950-12-08,102.8340
1950-12-15,102.8340
1950-12-22,102.8340
1950-12-29,102.8340
1951-01-05,103.1797
1951-01-12,103.1797
1951-01-19,103.1797
1951-01-26,103.1797
1951-02-02,103.0571
1951-02-09,103.0571
1951-02-16,103.0571
1951-02-23,103.0571
1951-03-02,102.1581
1951-03-09,102.1581
1951-03-16,102.1581
1951-03-23,102.1581
1951-03-30,102.1581
1951-04-06,100.6792
1951-04-13,100.6792
1951-04-20,100.6792
1951-04-27,100.6792
1951-05-04,99.3776
1951-05-11,99.3776
1951-05-18,99.3776
1951-05-25,99.3776
1951-06-01,98.3927
1951-06-08,98.3927
1951-06-15,98.3927
1951-06-22,98.3927
1951-06-29,98.3927
1951-07-06,97.9268
1951-07-13,97.9268
1951-07-20,97.9268
1951-07-27,97.9268
1951-08-03,98.0782
1951-08-10,98.0782
1951-08-17,98.0782
1951-08-24,98.0782
1951-08-31,98.0782
1951-09-07,98.5540
1951-09-14,98.5540
1951-09-21,98.5540
1951-09-28,98.5540
1951-10-05,98.8504
1951-10-12,98.8504
1951-10-19,98.8504
1951-10-26,98.8504
1951-11-02,98.7747
1951-11-09,98.7747
1951-11-16,98.7747
1951-11-23,98.7747
1951-11-30,98.7747
1951-12-07,98.4805
1951-12-14,98.4805
1951-12-21,98.4805
1951-12-28,98.4805
1952-01-04,98.0120
1952-01-11,98.0120
1952-01-18,98.0120
1952-01-25,98.0120
1952-02-01,97.4430
1952-02-08,97.4430
1952-02-15,97.4430
1952-02-22,97.4430
1952-02-29,97.4430
1952-03-07,96.9471
1952-03-14,96.9471
1952-03-21,96.9471
1952-03-28,96.9471
1952-04-04,96.7236
1952-04-11,96.7236
1952-04-18,96.7236
1952-04-25,96.7236
1952-05-02,97.0948
1952-05-09,97.0948
1952-05-16,97.0948
1952-05-23,97.0948
1952-05-30,97.0948
1952-06-06,97.9986
1952-06-13,97.9986
1952-06-20,97.9986
1952-06-27,97.9986
1952-07-04,99.2378
1952-07-11,99.2378
1952-07-18,99.2378
1952-07-25,99.2378
1952-08-01,100.4175
1952-08-08,100.4175
1952-08-15,100.4175
1952-08-22,100.4175
1952-08-29,100.4175
1952-09-05,100.8145
1952-09-12,100.8145
1952-09-19,100.8145
1952-09-26,100.8145
1952-10-03,100.8770
1952-10-10,100.8770
1952-10-17,100.8770
1952-10-24,100.8770
1952-10-31,100.8770
1952-11-07,100.8763
1952-11-14,100.8763
1952-11-21,100.8763
1952-11-28,100.8763
1952-12-05,100.8654
1952-12-12,100.8654
1952-12-19,100.8654
1952-12-26,100.8654
1953-01-02,100.8131
1953-01-09,100.8131
1953-01-16,100.8131
1953-01-23,100.8131
1953-01-30,100.8131
1953-02-06,100.3936
1953-02-13,100.3936
1953-02-20,100.3936
1953-02-27,100.3936
1953-03-06,99.8357
1953-03-13,99.8357
1953-03-20,99.8357
1953-03-27,99.8357
1953-04-03,99.4565
1953-04-10,99.4565
1953-04-17,99.4565
1953-04-24,99.4565
1953-05-01,99.1339
1953-05-08,99.1339
1953-05-15,99.1339
1953-05-22,99.1339
1953-05-29,99.1339
1953-06-05,98.8187
1953-06-12,98.8187
1953-06-19,98.8187
1953-06-26,98.8187
1953-07-03,98.3694
1953-07-10,98.3694
1953-07-17,98.3694
1953-07-24,98.3694
1953-07-31,98.3694
1953-08-07,97.7791
1953-08-14,97.7791
1953-08-21,97.7791
1953-08-28,97.7791
1953-09-04,97.1376
1953-09-11,97.1376
1953-09-18,97.1376
1953-09-25,97.1376
1953-10-02,96.6010
1953-10-09,96.6010
1953-10-16,96.6010
1953-10-23,96.6010
1953-10-30,96.6010
1953-11-06,96.3024
1953-11-13,96.3024
1953-11-20,96.3024
1953-11-27,96.3024
1953-12-04,96.2684
1953-12-11,96.2684
1953-12-18,96.2684
1953-12-25,96.2684
1954-01-01,96.6061
1954-01-08,96.6061
1954-01-15,96.6061
1954-01-22,96.6061
1954-01-29,96.6061
1954-02-05,97.2501
1954-02-12,97.2501
1954-02-19,97.2501
1954-02-26,97.2501
1954-03-05,98.0228
1954-03-12,98.0228
1954-03-19,98.0228
1954-03-26,98.0228
1954-04-02,98.7219
1954-04-09,98.7219
1954-04-16,98.7219
1954-04-23,98.7219
1954-04-30,98.7219
1954-05-07,99.2340
1954-05-14,99.2340
1954-05-21,99.2340
1954-05-28,99.2340
1954-06-04,99.4994
1954-06-11,99.4994
1954-06-18,99.4994
1954-06-25,99.4994
1954-07-02,99.5325
1954-07-09,99.5325
1954-07-16,99.5325
1954-07-23,99.5325
1954-07-30,99.5325
1954-08-06,99.5991
1954-08-13,99.5991
1954-08-20,99.5991
1954-08-27,99.5991
1954-09-03,100.0945
1954-09-10,100.0945
1954-09-17,100.0945
1954-09-24,100.0945
1954-10-01,100.7907
1954-10-08,100.7907
1954-10-15,100.7907
1954-10-22,100.7907
1954-10-29,100.7907
1954-11-05,101.4260
1954-11-12,101.4260
1954-11-19,101.4260
1954-11-26,101.4260
1954-12-03,102.0500
1954-12-10,102.0500
1954-12-17,102.0500
1954-12-24,102.0500
1954-12-31,102.0500
1955-01-07,102.5216
1955-01-14,102.5216
1955-01-21,102.5216
1955-01-28,102.5216
1955-02-04,102.9926
1955-02-11,102.9926
1955-02-18,102.9926
1955-02-25,102.9926
1955-03-04,103.2587
1955-03-11,103.2587
1955-03-18,103.2587
1955-03-25,103.2587
1955-04-01,103.3517
1955-04-08,103.3517
1955-04-15,103.3517
1955-04-22,103.3517
1955-04-29,103.3517
1955-05-06,103.2075
1955-05-13,103.2075
1955-05-20,103.2075
1955-05-27,103.2075
1955-06-03,102.8385
1955-06-10,102.8385
1955-06-17,102.8385
1955-06-24,102.8385
1955-07-01,102.6555
1955-07-08,102.6555
1955-07-15,102.6555
1955-07-22,102.6555
1955-07-29,102.6555
1955-08-05,102.4623
1955-08-12,102.4623
1955-08-19,102.4623
1955-08-26,102.4623
1955-09-02,102.2823
1955-09-09,102.2823
1955-09-16,102.2823
1955-09-23,102.2823
1955-09-30,102.2823
1955-10-07,102.2403
1955-10-14,102.2403
1955-10-21,102.2403
1955-10-28,102.2403
1955-11-04,102.2120
1955-11-11,102.2120
1955-11-18,102.2120
1955-11-25,102.2120
1955-12-02,102.1532
1955-12-09,102.1532
1955-12-16,102.1532
1955-12-23,102.1532
1955-12-30,102.1532
1956-01-06,101.7515
1956-01-13,101.7515
1956-01-20,101.7515
1956-01-27,101.7515
1956-02-03,101.2833
1956-02-10,101.2833
1956-02-17,101.2833
1956-02-24,101.2833
1956-03-02,100.8184
1956-03-09,100.8184
1956-03-16,100.8184
1956-03-23,100.8184
1956-03-30,100.8184
1956-04-06,100.2455
1956-04-13,100.2455
1956-04-20,100.2455
1956-04-27,100.2455
1956-05-04,99.5158
1956-05-11,99.5158
1956-05-18,99.5158
1956-05-25,99.5158
1956-06-01,98.9275
1956-06-08,98.9275
1956-06-15,98.9275
1956-06-22,98.9275
1956-06-29,98.9275
1956-07-06,98.8144
1956-07-13,98.8144
1956-07-20,98.8144
1956-07-27,98.8144
1956-08-03,99.3588
1956-08-10,99.3588
1956-08-17,99.3588
1956-08-24,99.3588
1956-08-31,99.3588
1956-09-07,99.9294
1956-09-14,99.9294
1956-09-21,99.9294
1956-09-28,99.9294
1956-10-05,100.1539
1956-10-12,100.1539
1956-10-19,100.1539
1956-10-26,100.1539
1956-11-02,100.2346
1956-11-09,100.2346
1956-11-16,100.2346
1956-11-23,100.2346
1956-11-30,100.2346
1956-12-07,100.1037
1956-12-14,100.1037
1956-12-21,100.1037
1956-12-28,100.1037
1957-01-04,99.8520
1957-01-11,99.8520
1957-01-18,99.8520
1957-01-25,99.8520
1957-02-01,99.3504
1957-02-08,99.3504
1957-02-15,99.3504
1957-02-22,99.3504
1957-03-01,98.7008
1957-03-08,98.7008
1957-03-15,98.7008
1957-03-22,98.7008
1957-03-29,98.7008
1957-04-05,98.1622
1957-04-12,98.1622
1957-04-19,98.1622
1957-04-26,98.1622
1957-05-03,98.0242
1957-05-10,98.0242
1957-05-17,98.0242
1957-05-24,98.0242
1957-05-31,98.0242
1957-06-07,98.1713
1957-06-14,98.1713
1957-06-21,98.1713
1957-06-28,98.1713
1957-07-05,98.2872
1957-07-12,98.2872
1957-07-19,98.2872
1957-07-26,98.2872
1957-08-02,98.2616
1957-08-09,98.2616
1957-08-16,98.2616
1957-08-23,98.2616
1957-08-30,98.2616
1957-09-06,98.0297
1957-09-13,98.0297
1957-09-20,98.0297
1957-09-27,98.0297
1957-10-04,97.5099
1957-10-11,97.5099
1957-10-18,97.5099
1957-10-25,97.5099
1957-11-01,96.9457
1957-11-08,96.9457
1957-11-15,96.9457
1957-11-22,96.9457
1957-11-29,96.9457
1957-12-06,96.3847
1957-12-13,96.3847
1957-12-20,96.3847
1957-12-27,96.3847
1958-01-03,96.0876
1958-01-10,96.0876
1958-01-17,96.0876
1958-01-24,96.0876
1958-01-31,96.0876
1958-02-07,96.2918
1958-02-14,96.2918
1958-02-21,96.2918
1958-02-28,96.2918
1958-03-07,96.7548
1958-03-14,96.7548
1958-03-21,96.7548
1958-03-28,96.7548
1958-04-04,97.3926
1958-04-11,97.3926
1958-04-18,97.3926
1958-04-25,97.3926
1958-05-02,98.3922
1958-05-09,98.3922
1958-05-16,98.3922
1958-05-23,98.3922
1958-05-30,98.3922
1958-06-06,99.4185
1958-06-13,99.4185
1958-06-20,99.4185
1958-06-27,99.4185
1958-07-04,100.2770
1958-07-11,100.2770
1958-07-18,100.2770
1958-07-25,100.2770
1958-08-01,100.9501
1958-08-08,100.9501
1958-08-15,100.9501
1958-08-22,100.9501
1958-08-29,100.9501
1958-09-05,101.4702
1958-09-12,101.4702
1958-09-19,101.4702
1958-09-26,101.4702
1958-10-03,101.8225
1958-10-10,101.8225
1958-10-17,101.8225
1958-10-24,101.8225
1958-10-31,101.8225
1958-11-07,101.9786
1958-11-14,101.9786
1958-11-21,101.9786
1958-11-28,101.9786
1958-12-05,102.0978
1958-12-12,102.0978
1958-12-19,102.0978
1958-12-26,102.0978
1959-01-02,102.4604
1959-01-09,102.4604
1959-01-16,102.4604
1959-01-23,102.4604
1959-01-30,102.4604
1959-02-06,102.8601
1959-02-13,102.8601
1959-02-20,102.8601
1959-02-27,102.8601
1959-03-06,103.1062
1959-03-13,103.1062
1959-03-20,103.1062
1959-03-27,103.1062
1959-04-03,103.1776
1959-04-10,103.1776
1959-04-17,103.1776
1959-04-24,103.1776
1959-05-01,103.0207
1959-05-08,103.0207
1959-05-15,103.0207
1959-05-22,103.0207
1959-05-29,103.0207
1959-06-05,102.4338
1959-06-12,102.4338
1959-06-19,102.4338
1959-06-26,102.4338
1959-07-03,101.5122
1959-07-10,101.5122
1959-07-17,101.5122
1959-07-24,101.5122
1959-07-31,101.5122
1959-08-07,100.3930
1959-08-14,100.3930
1959-08-21,100.3930
1959-08-28,100.3930
1959-09-04,99.5343
1959-09-11,99.5343
1959-09-18,99.5343
1959-09-25,99.5343
1959-10-02,99.4167
1959-10-09,99.4167
1959-10-16,99.4167
1959-10-23,99.4167
1959-10-30,99.4167
1959-11-06,99.8958
1959-11-13,99.8958
1959-11-20,99.8958
1959-11-27,99.8958
1959-12-04,100.6291
1959-12-11,100.6291
1959-12-18,100.6291
1959-12-25,100.6291
1960-01-01,100.7973
1960-01-08,100.7973
1960-01-15,100.7973
1960-01-22,100.7973
1960-01-29,100.7973
1960-02-05,100.0539
1960-02-12,100.0539
1960-02-19,100.0539
1960-02-26,100.0539
1960-03-04,99.0885
1960-03-11,99.0885
1960-03-18,99.0885
1960-03-25,99.0885
1960-04-01,98.3320
1960-04-08,98.3320
1960-04-15,98.3320
1960-04-22,98.3320
1960-04-29,98.3320
1960-05-06,97.9249
1960-05-13,97.9249
1960-05-20,97.9249
1960-05-27,97.9249
1960-06-03,97.9202
1960-06-10,97.9202
1960-06-17,97.9202
1960-06-24,97.9202
1960-07-01,98.0919
1960-07-08,98.0919
1960-07-15,98.0919
1960-07-22,98.0919
1960-07-29,98.0919
1960-08-05,98.3390
1960-08-12,98.3390
1960-08-19,98.3390
1960-08-26,98.3390
1960-09-02,98.3585
1960-09-09,98.3585
1960-09-16,98.3585
1960-09-23,98.3585
1960-09-30,98.3585
1960-10-07,98.2624
1960-10-14,98.2624
1960-10-21,98.2624
1960-10-28,98.2624
1960-11-04,98.0704
1960-11-11,98.0704
1960-11-18,98.0704
1960-11-25,98.0704
1960-12-02,97.9394
1960-12-09,97.9394
1960-12-16,97.9394
1960-12-23,97.9394
1960-12-30,97.9394
1961-01-06,97.9788
1961-01-13,97.9788
1961-01-20,97.9788
1961-01-27,97.9788
1961-02-03,98.3811
1961-02-10,98.3811
1961-02-17,98.3811
1961-02-24,98.3811
1961-03-03,99.2946
1961-03-10,99.2946
1961-03-17,99.2946
1961-03-24,99.2946
1961-03-31,99.2946
1961-04-07,100.3539
1961-04-14,100.3539
1961-04-21,100.3539
1961-04-28,100.3539
1961-05-05,100.9853
1961-05-12,100.9853
1961-05-19,100.9853
1961-05-26,100.9853
1961-06-02,101.2305
1961-06-09,101.2305
1961-06-16,101.2305
1961-06-23,101.2305
1961-06-30,101.2305
1961-07-07,101.4033
1961-07-14,101.4033
1961-07-21,101.4033
1961-07-28,101.4033
1961-08-04,101.6666
1961-08-11,101.6666
1961-08-18,101.6666
1961-08-25,101.6666
1961-09-01,101.8827
1961-09-08,101.8827
1961-09-15,101.8827
1961-09-22,101.8827
1961-09-29,101.8827
1961-10-06,101.9031
1961-10-13,101.9031
1961-10-20,101.9031
1961-10-27,101.9031
1961-11-03,101.8622
1961-11-10,101.8622
1961-11-17,101.8622
1961-11-24,101.8622
1961-12-01,101.9795
1961-12-08,101.9795
1961-12-15,101.9795
1961-12-22,101.9795
1961-12-29,101.9795
1962-01-05,101.8918
1962-01-12,101.8918
1962-01-19,101.8918
1962-01-26,101.8918
1962-02-02,101.6877
1962-02-09,101.6877
1962-02-16,101.6877
1962-02-23,101.6877
1962-03-02,101.2648
1962-03-09,101.2648
1962-03-16,101.2648
1962-03-23,101.2648
1962-03-30,101.2648
1962-04-06,100.5770
1962-04-13,100.5770
1962-04-20,100.5770
1962-04-27,100.5770
1962-05-04,99.9479
1962-05-11,99.9479
1962-05-18,99.9479
1962-05-25,99.9479
1962-06-01,99.5391
1962-06-08,99.5391
1962-06-15,99.5391
1962-06-22,99.5391
1962-06-29,99.5391
1962-07-06,99.3375
1962-07-13,99.3375
1962-07-20,99.3375
1962-07-27,99.3375
1962-08-03,99.2535
1962-08-10,99.2535
1962-08-17,99.2535
1962-08-24,99.2535
1962-08-31,99.2535
1962-09-07,99.3672
1962-09-14,99.3672
1962-09-21,99.3672
1962-09-28,99.3672
1962-10-05,99.6802
1962-10-12,99.6802
1962-10-19,99.6802
1962-10-26,99.6802
1962-11-02,100.1121
1962-11-09,100.1121
1962-11-16,100.1121
1962-11-23,100.1121
1962-11-30,100.1121
1962-12-07,100.4540
1962-12-14,100.4540
1962-12-21,100.4540
1962-12-28,100.4540
1963-01-04,100.5123
1963-01-11,100.5123
1963-01-18,100.5123
1963-01-25,100.5123
1963-02-01,100.5201
1963-02-08,100.5201
1963-02-15,100.5201
1963-02-22,100.5201
1963-03-01,100.6359
1963-03-08,100.6359
1963-03-15,100.6359
1963-03-22,100.6359
1963-03-29,100.6359
1963-04-05,100.9131
1963-04-12,100.9131
1963-04-19,100.9131
1963-04-26,100.9131
1963-05-03,101.0965
1963-05-10,101.0965
1963-05-17,101.0965
1963-05-24,101.0965
1963-05-31,101.0965
1963-06-07,100.9867
1963-06-14,100.9867
1963-06-21,100.9867
1963-06-28,100.9867
1963-07-05,100.7446
1963-07-12,100.7446
1963-07-19,100.7446
1963-07-26,100.7446
1963-08-02,100.6466
1963-08-09,100.6466
1963-08-16,100.6466
1963-08-23,100.6466
1963-08-30,100.6466
1963-09-06,100.7287
1963-09-13,100.7287
1963-09-20,100.7287
1963-09-27,100.7287
1963-10-04,100.7953
1963-10-11,100.7953
1963-10-18,100.7953
1963-10-25,100.7953
1963-11-01,100.7368
1963-11-08,100.7368
1963-11-15,100.7368
1963-11-22,100.7368
1963-11-29,100.7368
1963-12-06,100.6392
1963-12-13,100.6392
1963-12-20,100.6392
1963-12-27,100.6392
1964-01-03,100.7991
1964-01-10,100.7991
1964-01-17,100.7991
1964-01-24,100.7991
1964-01-31,100.7991
1964-02-07,101.0456
1964-02-14,101.0456
1964-02-21,101.0456
1964-02-28,101.0456
1964-03-06,101.2674
1964-03-13,101.2674
1964-03-20,101.2674
1964-03-27,101.2674
1964-04-03,101.3430
1964-04-10,101.3430
1964-04-17,101.3430
1964-04-24,101.3430
1964-05-01,101.4290
1964-05-08,101.4290
1964-05-15,101.4290
1964-05-22,101.4290
1964-05-29,101.4290
1964-06-05,101.6625
1964-06-12,101.6625
1964-06-19,101.6625
1964-06-26,101.6625
1964-07-03,101.9650
1964-07-10,101.9650
1964-07-17,101.9650
1964-07-24,101.9650
1964-07-31,101.9650
1964-08-07,102.1180
1964-08-14,102.1180
1964-08-21,102.1180
1964-08-28,102.1180
1964-09-04,102.0820
1964-09-11,102.0820
1964-09-18,102.0820
1964-09-25,102.0820
1964-10-02,101.9312
1964-10-09,101.9312
1964-10-16,101.9312
1964-10-23,101.9312
1964-10-30,101.9312
1964-11-06,101.8899
1964-11-13,101.8899
1964-11-20,101.8899
1964-11-27,101.8899
1964-12-04,101.9073
1964-12-11,101.9073
1964-12-18,101.9073
1964-12-25,101.9073
1965-01-01,101.9423
1965-01-08,101.9423
1965-01-15,101.9423
1965-01-22,101.9423
1965-01-29,101.9423
1965-02-05,102.0792
1965-02-12,102.0792
1965-02-19,102.0792
1965-02-26,102.0792
1965-03-05,102.1826
1965-03-12,102.1826
1965-03-19,102.1826
1965-03-26,102.1826
1965-04-02,102.0042
1965-04-09,102.0042
1965-04-16,102.0042
1965-04-23,102.0042
1965-04-30,102.0042
1965-05-07,101.6993
1965-05-14,101.6993
1965-05-21,101.6993
1965-05-28,101.6993
1965-06-04,101.3633
1965-06-11,101.3633
1965-06-18,101.3633
1965-06-25,101.3633
1965-07-02,101.1812
1965-07-09,101.1812
1965-07-16,101.1812
1965-07-23,101.1812
1965-07-30,101.1812
1965-08-06,101.1874
1965-08-13,101.1874
1965-08-20,101.1874
1965-08-27,101.1874
1965-09-03,101.3154
1965-09-10,101.3154
1965-09-17,101.3154
1965-09-24,101.3154
1965-10-01,101.3912
1965-10-08,101.3912
1965-10-15,101.3912
1965-10-22,101.3912
1965-10-29,101.3912
1965-11-05,101.6480
1965-11-12,101.6480
1965-11-19,101.6480
1965-11-26,101.6480
1965-12-03,102.1183
1965-12-10,102.1183
1965-12-17,102.1183
1965-12-24,102.1183
1965-12-31,102.1183
1966-01-07,102.5549
1966-01-14,102.5549
1966-01-21,102.5549
1966-01-28,102.5549
1966-02-04,102.7135
1966-02-11,102.7135
1966-02-18,102.7135
1966-02-25,102.7135
1966-03-04,102.5809
1966-03-11,102.5809
1966-03-18,102.5809
1966-03-25,102.5809
1966-04-01,102.1497
1966-04-08,102.1497
1966-04-15,102.1497
1966-04-22,102.1497
1966-04-29,102.1497
1966-05-06,101.5954
1966-05-13,101.5954
1966-05-20,101.5954
1966-05-27,101.5954
1966-06-03,101.3754
1966-06-10,101.3754
1966-06-17,101.3754
1966-06-24,101.3754
1966-07-01,101.3430
1966-07-08,101.3430
1966-07-15,101.3430
1966-07-22,101.3430
1966-07-29,101.3430
1966-08-05,101.2555
1966-08-12,101.2555
1966-08-19,101.2555
1966-08-26,101.2555
1966-09-02,101.0948
1966-09-09,101.0948
1966-09-16,101.0948
1966-09-23,101.0948
1966-09-30,101.0948
1966-10-07,100.7558
1966-10-14,100.7558
1966-10-21,100.7558
1966-10-28,100.7558
1966-11-04,100.2517
1966-11-11,100.2517
1966-11-18,100.2517
1966-11-25,100.2517
1966-12-02,99.7204
1966-12-09,99.7204
1966-12-16,99.7204
1966-12-23,99.7204
1966-12-30,99.7204
1967-01-06,99.1536
1967-01-13,99.1536
1967-01-20,99.1536
1967-01-27,99.1536
1967-02-03,98.6397
1967-02-10,98.6397
1967-02-17,98.6397
1967-02-24,98.6397
1967-03-03,98.1996
1967-03-10,98.1996
1967-03-17,98.1996
1967-03-24,98.1996
1967-03-31,98.1996
1967-04-07,97.9685
1967-04-14,97.9685
1967-04-21,97.9685
1967-04-28,97.9685
1967-05-05,98.1262
1967-05-12,98.1262
1967-05-19,98.1262
1967-05-26,98.1262
1967-06-02,98.5746
1967-06-09,98.5746
1967-06-16,98.5746
1967-06-23,98.5746
1967-06-30,98.5746
1967-07-07,99.1564
1967-07-14,99.1564
1967-07-21,99.1564
1967-07-28,99.1564
1967-08-04,99.7166
1967-08-11,99.7166
1967-08-18,99.7166
1967-08-25,99.7166
1967-09-01,100.1184
1967-09-08,100.1184
1967-09-15,100.1184
1967-09-22,100.1184
1967-09-29,100.1184
1967-10-06,100.2816
1967-10-13,100.2816
1967-10-20,100.2816
1967-10-27,100.2816
1967-11-03,100.3786
1967-11-10,100.3786
1967-11-17,100.3786
1967-11-24,100.3786
1967-12-01,100.4939
1967-12-08,100.4939
1967-12-15,100.4939
1967-12-22,100.4939
1967-12-29,100.4939
1968-01-05,100.5496
1968-01-12,100.5496
1968-01-19,100.5496
1968-01-26,100.5496
1968-02-02,100.5001
1968-02-09,100.5001
1968-02-16,100.5001
1968-02-23,100.5001
1968-03-01,100.4980
1968-03-08,100.4980
1968-03-15,100.4980
1968-03-22,100.4980
1968-03-29,100.4980
1968-04-05,100.5889
1968-04-12,100.5889
1968-04-19,100.5889
1968-04-26,100.5889
1968-05-03,100.4480
1968-05-10,100.4480
1968-05-17,100.4480
1968-05-24,100.4480
1968-05-31,100.4480
1968-06-07,100.2194
1968-06-14,100.2194
1968-06-21,100.2194
1968-06-28,100.2194
1968-07-05,100.0590
1968-07-12,100.0590
1968-07-19,100.0590
1968-07-26,100.0590
1968-08-02,99.9640
1968-08-09,99.9640
1968-08-16,99.9640
1968-08-23,99.9640
1968-08-30,99.9640
1968-09-06,100.0668
1968-09-13,100.0668
1968-09-20,100.0668
1968-09-27,100.0668
1968-10-04,100.4192
1968-10-11,100.4192
1968-10-18,100.4192
1968-10-25,100.4192
1968-11-01,100.6907
1968-11-08,100.6907
1968-11-15,100.6907
1968-11-22,100.6907
1968-11-29,100.6907
1968-12-06,100.7021
1968-12-13,100.7021
1968-12-20,100.7021
1968-12-27,100.7021
1969-01-03,100.6638
1969-01-10,100.6638
1969-01-17,100.6638
1969-01-24,100.6638
1969-01-31,100.6638
1969-02-07,100.7206
1969-02-14,100.7206
1969-02-21,100.7206
1969-02-28,100.7206
1969-03-07,100.7251
1969-03-14,100.7251
1969-03-21,100.7251
1969-03-28,100.7251
1969-04-04,100.6452
1969-04-11,100.6452
1969-04-18,100.6452
1969-04-25,100.6452
1969-05-02,100.5826
1969-05-09,100.5826
1969-05-16,100.5826
1969-05-23,100.5826
1969-05-30,100.5826
1969-06-06,100.4309
1969-06-13,100.4309
1969-06-20,100.4309
1969-06-27,100.4309
1969-07-04,100.2715
1969-07-11,100.2715
1969-07-18,100.2715
1969-07-25,100.2715
1969-08-01,100.2585
1969-08-08,100.2585
1969-08-15,100.2585
1969-08-22,100.2585
1969-08-29,100.2585
1969-09-05,100.2471
1969-09-12,100.2471
1969-09-19,100.2471
1969-09-26,100.2471
1969-10-03,100.1830
1969-10-10,100.1830
1969-10-17,100.1830
1969-10-24,100.1830
1969-10-31,100.1830
1969-11-07,99.9583
1969-11-14,99.9583
1969-11-21,99.9583
1969-11-28,99.9583
1969-12-05,99.5873
1969-12-12,99.5873
1969-12-19,99.5873
1969-12-26,99.5873
1970-01-02,99.1200
1970-01-09,99.1200
1970-01-16,99.1200
1970-01-23,99.1200
1970-01-30,99.1200
1970-02-06,98.7481
1970-02-13,98.7481
1970-02-20,98.7481
1970-02-27,98.7481
1970-03-06,98.5407
1970-03-13,98.5407
1970-03-20,98.5407
1970-03-27,98.5407
1970-04-03,98.5286
1970-04-10,98.5286
1970-04-17,98.5286
1970-04-24,98.5286
1970-05-01,98.8007
1970-05-08,98.8007
1970-05-15,98.8007
1970-05-22,98.8007
1970-05-29,98.8007
1970-06-05,99.0951
1970-06-12,99.0951
1970-06-19,99.0951
1970-06-26,99.0951
1970-07-03,99.0144
1970-07-10,99.0144
1970-07-17,99.0144
1970-07-24,99.0144
1970-07-31,99.0144
1970-08-07,98.5954
1970-08-14,98.5954
1970-08-21,98.5954
1970-08-28,98.5954
1970-09-04,98.0355
1970-09-11,98.0355
1970-09-18,98.0355
1970-09-25,98.0355
1970-10-02,97.6238
1970-10-09,97.6238
1970-10-16,97.6238
1970-10-23,97.6238
1970-10-30,97.6238
1970-11-06,97.5928
1970-11-13,97.5928
1970-11-20,97.5928
1970-11-27,97.5928
1970-12-04,98.1528
1970-12-11,98.1528
1970-12-18,98.1528
1970-12-25,98.1528
1971-01-01,98.9252
1971-01-08,98.9252
1971-01-15,98.9252
1971-01-22,98.9252
1971-01-29,98.9252
1971-02-05,99.6450
1971-02-12,99.6450
1971-02-19,99.6450
1971-02-26,99.6450
1971-03-05,99.9424
1971-03-12,99.9424
1971-03-19,99.9424
1971-03-26,99.9424
1971-04-02,100.1515
1971-04-09,100.1515
1971-04-16,100.1515
1971-04-23,100.1515
1971-04-30,100.1515
1971-05-07,100.2154
1971-05-14,100.2154
1971-05-21,100.2154
1971-05-28,100.2154
1971-06-04,100.2083
1971-06-11,100.2083
1971-06-18,100.2083
1971-06-25,100.2083
1971-07-02,100.2049
1971-07-09,100.2049
1971-07-16,100.2049
1971-07-23,100.2049
1971-07-30,100.2049
1971-08-06,100.1991
1971-08-13,100.1991
1971-08-20,100.1991
1971-08-27,100.1991
1971-09-03,100.2404
1971-09-10,100.2404
1971-09-17,100.2404
1971-09-24,100.2404
1971-10-01,100.2622
1971-10-08,100.2622
1971-10-15,100.2622
1971-10-22,100.2622
1971-10-29,100.2622
1971-11-05,100.3730
1971-11-12,100.3730
1971-11-19,100.3730
1971-11-26,100.3730
1971-12-03,100.8125
1971-12-10,100.8125
1971-12-17,100.8125
1971-12-24,100.8125
1971-12-31,100.8125
1972-01-07,101.2423
1972-01-14,101.2423
1972-01-21,101.2423
1972-01-28,101.2423
1972-02-04,101.4811
1972-02-11,101.4811
1972-02-18,101.4811
1972-02-25,101.4811
1972-03-03,101.5173
1972-03-10,101.5173
1972-03-17,101.5173
1972-03-24,101.5173
1972-03-31,101.5173
1972-04-07,101.4923
1972-04-14,101.4923
1972-04-21,101.4923
1972-04-28,101.4923
1972-05-05,101.4868
1972-05-12,101.4868
1972-05-19,101.4868
1972-05-26,101.4868
1972-06-02,101.4353
1972-06-09,101.4353
1972-06-16,101.4353
1972-06-23,101.4353
1972-06-30,101.4353
1972-07-07,101.5963
1972-07-14,101.5963
1972-07-21,101.5963
1972-07-28,101.5963
1972-08-04,101.9840
1972-08-11,101.9840
1972-08-18,101.9840
1972-08-25,101.9840
1972-09-01,102.5394
1972-09-08,102.5394
1972-09-15,102.5394
1972-09-22,102.5394
1972-09-29,102.5394
1972-10-06,103.0970
1972-10-13,103.0970
1972-10-20,103.0970
1972-10-27,103.0970
1972-11-03,103.5827
1972-11-10,103.5827
1972-11-17,103.5827
1972-11-24,103.5827
1972-12-01,103.8772
1972-12-08,103.8772
1972-12-15,103.8772
1972-12-22,103.8772
1972-12-29,103.8772
1973-01-05,103.9726
1973-01-12,103.9726
1973-01-19,103.9726
1973-01-26,103.9726
1973-02-02,103.8109
1973-02-09,103.8109
1973-02-16,103.8109
1973-02-23,103.8109
1973-03-02,103.5430
1973-03-09,103.5430
1973-03-16,103.5430
1973-03-23,103.5430
1973-03-30,103.5430
1973-04-06,103.1366
1973-04-13,103.1366
1973-04-20,103.1366
1973-04-27,103.1366
1973-05-04,102.6440
1973-05-11,102.6440
1973-05-18,102.6440
1973-05-25,102.6440
1973-06-01,102.1878
1973-06-08,102.1878
1973-06-15,102.1878
1973-06-22,102.1878
1973-06-29,102.1878
1973-07-06,101.8109
1973-07-13,101.8109
1973-07-20,101.8109
1973-07-27,101.8109
1973-08-03,101.9773
1973-08-10,101.9773
1973-08-17,101.9773
1973-08-24,101.9773
1973-08-31,101.9773
1973-09-07,102.3534
1973-09-14,102.3534
1973-09-21,102.3534
1973-09-28,102.3534
1973-10-05,102.7275
1973-10-12,102.7275
1973-10-19,102.7275
1973-10-26,102.7275
1973-11-02,102.8107
1973-11-09,102.8107
1973-11-16,102.8107
1973-11-23,102.8107
1973-11-30,102.8107
1973-12-07,102.4611
1973-12-14,102.4611
1973-12-21,102.4611
1973-12-28,102.4611
1974-01-04,102.0218
1974-01-11,102.0218
1974-01-18,102.0218
1974-01-25,102.0218
1974-02-01,101.6728
1974-02-08,101.6728
1974-02-15,101.6728
1974-02-22,101.6728
1974-03-01,101.5390
1974-03-08,101.5390
1974-03-15,101.5390
1974-03-22,101.5390
1974-03-29,101.5390
1974-04-05,101.2629
1974-04-12,101.2629
1974-04-19,101.2629
1974-04-26,101.2629
1974-05-03,100.8479
1974-05-10,100.8479
1974-05-17,100.8479
1974-05-24,100.8479
1974-05-31,100.8479
1974-06-07,100.5133
1974-06-14,100.5133
1974-06-21,100.5133
1974-06-28,100.5133
1974-07-05,100.1788
1974-07-12,100.1788
1974-07-19,100.1788
1974-07-26,100.1788
1974-08-02,99.5773
1974-08-09,99.5773
1974-08-16,99.5773
1974-08-23,99.5773
1974-08-30,99.5773
1974-09-06,98.6124
1974-09-13,98.6124
1974-09-20,98.6124
1974-09-27,98.6124
1974-10-04,97.5379
1974-10-11,97.5379
1974-10-18,97.5379
1974-10-25,97.5379
1974-11-01,96.4394
1974-11-08,96.4394
1974-11-15,96.4394
1974-11-22,96.4394
1974-11-29,96.4394
1974-12-06,95.5325
1974-12-13,95.5325
1974-12-20,95.5325
1974-12-27,95.5325
1975-01-03,95.1989
1975-01-10,95.1989
1975-01-17,95.1989
1975-01-24,95.1989
1975-01-31,95.1989
1975-02-07,95.3417
1975-02-14,95.3417
1975-02-21,95.3417
1975-02-28,95.3417
1975-03-07,95.6750
1975-03-14,95.6750
1975-03-21,95.6750
1975-03-28,95.6750
1975-04-04,96.4007
1975-04-11,96.4007
1975-04-18,96.4007
1975-04-25,96.4007
1975-05-02,97.2551
1975-05-09,97.2551
1975-05-16,97.2551
1975-05-23,97.2551
1975-05-30,97.2551
1975-06-06,98.0903
1975-06-13,98.0903
1975-06-20,98.0903
1975-06-27,98.0903
1975-07-04,98.8392
1975-07-11,98.8392
1975-07-18,98.8392
1975-07-25,98.8392
1975-08-01,99.5443
1975-08-08,99.5443
1975-08-15,99.5443
1975-08-22,99.5443
1975-08-29,99.5443
1975-09-05,100.0746
1975-09-12,100.0746
1975-09-19,100.0746
1975-09-26,100.0746
1975-10-03,100.3502
1975-10-10,100.3502
1975-10-17,100.3502
1975-10-24,100.3502
1975-10-31,100.3502
1975-11-07,100.4771
1975-11-14,100.4771
1975-11-21,100.4771
1975-11-28,100.4771
1975-12-05,100.7148
1975-12-12,100.7148
1975-12-19,100.7148
1975-12-26,100.7148
1976-01-02,101.1287
1976-01-09,101.1287
1976-01-16,101.1287
1976-01-23,101.1287
1976-01-30,101.1287
1976-02-06,101.4401
1976-02-13,101.4401
1976-02-20,101.4401
1976-02-27,101.4401
1976-03-05,101.4770
1976-03-12,101.4770
1976-03-19,101.4770
1976-03-26,101.4770
1976-04-02,101.4605
1976-04-09,101.4605
1976-04-16,101.4605
1976-04-23,101.4605
1976-04-30,101.4605
1976-05-07,101.2813
1976-05-14,101.2813
1976-05-21,101.2813
1976-05-28,101.2813
1976-06-04,101.0033
1976-06-11,101.0033
1976-06-18,101.0033
1976-06-25,101.0033
1976-07-02,100.6443
1976-07-09,100.6443
1976-07-16,100.6443
1976-07-23,100.6443
1976-07-30,100.6443
1976-08-06,100.3209
1976-08-13,100.3209
1976-08-20,100.3209
1976-08-27,100.3209
1976-09-03,100.0980
1976-09-10,100.0980
1976-09-17,100.0980
1976-09-24,100.0980
1976-10-01,100.0021
1976-10-08,100.0021
1976-10-15,100.0021
1976-10-22,100.0021
1976-10-29,100.0021
1976-11-05,100.0450
1976-11-12,100.0450
1976-11-19,100.0450
1976-11-26,100.0450
1976-12-03,100.2972
1976-12-10,100.2972
1976-12-17,100.2972
1976-12-24,100.2972
1976-12-31,100.2972
1977-01-07,100.4464
1977-01-14,100.4464
1977-01-21,100.4464
1977-01-28,100.4464
1977-02-04,100.6309
1977-02-11,100.6309
1977-02-18,100.6309
1977-02-25,100.6309
1977-03-04,100.8918
1977-03-11,100.8918
1977-03-18,100.8918
1977-03-25,100.8918
1977-04-01,101.0322
1977-04-08,101.0322
1977-04-15,101.0322
1977-04-22,101.0322
1977-04-29,101.0322
1977-05-06,101.1102
1977-05-13,101.1102
1977-05-20,101.1102
1977-05-27,101.1102
1977-06-03,100.9657
1977-06-10,100.9657
1977-06-17,100.9657
1977-06-24,100.9657
1977-07-01,100.7632
1977-07-08,100.7632
1977-07-15,100.7632
1977-07-22,100.7632
1977-07-29,100.7632
1977-08-05,100.4933
1977-08-12,100.4933
1977-08-19,100.4933
1977-08-26,100.4933
1977-09-02,100.3749
1977-09-09,100.3749
1977-09-16,100.3749
1977-09-23,100.3749
1977-09-30,100.3749
1977-10-07,100.5049
1977-10-14,100.5049
1977-10-21,100.5049
1977-10-28,100.5049
1977-11-04,100.7547
1977-11-11,100.7547
1977-11-18,100.7547
1977-11-25,100.7547
1977-12-02,100.9725
1977-12-09,100.9725
1977-12-16,100.9725
1977-12-23,100.9725
1977-12-30,100.9725
1978-01-06,100.8892
1978-01-13,100.8892
1978-01-20,100.8892
1978-01-27,100.8892
1978-02-03,100.7193
1978-02-10,100.7193
1978-02-17,100.7193
1978-02-24,100.7193
1978-03-03,100.7135
1978-03-10,100.7135
1978-03-17,100.7135
1978-03-24,100.7135
1978-03-31,100.7135
1978-04-07,100.9957
1978-04-14,100.9957
1978-04-21,100.9957
1978-04-28,100.9957
1978-05-05,101.3697
1978-05-12,101.3697
1978-05-19,101.3697
1978-05-26,101.3697
1978-06-02,101.6347
1978-06-09,101.6347
1978-06-16,101.6347
1978-06-23,101.6347
1978-06-30,101.6347
1978-07-07,101.7659
1978-07-14,101.7659
1978-07-21,101.7659
1978-07-28,101.7659
1978-08-04,101.7152
1978-08-11,101.7152
1978-08-18,101.7152
1978-08-25,101.7152
1978-09-01,101.6572
1978-09-08,101.6572
1978-09-15,101.6572
1978-09-22,101.6572
1978-09-29,101.6572
1978-10-06,101.6183
1978-10-13,101.6183
1978-10-20,101.6183
1978-10-27,101.6183
1978-11-03,101.5800
1978-11-10,101.5800
1978-11-17,101.5800
1978-11-24,101.5800
1978-12-01,101.4282
1978-12-08,101.4282
1978-12-15,101.4282
1978-12-22,101.4282
1978-12-29,101.4282
1979-01-05,101.2578
1979-01-12,101.2578
1979-01-19,101.2578
1979-01-26,101.2578
1979-02-02,101.1037
1979-02-09,101.1037
1979-02-16,101.1037
1979-02-23,101.1037
1979-03-02,100.9116
1979-03-09,100.9116
1979-03-16,100.9116
1979-03-23,100.9116
1979-03-30,100.9116
1979-04-06,100.6257
1979-04-13,100.6257
1979-04-20,100.6257
1979-04-27,100.6257
1979-05-04,100.2700
1979-05-11,100.2700
1979-05-18,100.2700
1979-05-25,100.2700
1979-06-01,99.9022
1979-06-08,99.9022
1979-06-15,99.9022
1979-06-22,99.9022
1979-06-29,99.9022
1979-07-06,99.5700
1979-07-13,99.5700
1979-07-20,99.5700
1979-07-27,99.5700
1979-08-03,99.3028
1979-08-10,99.3028
1979-08-17,99.3028
1979-08-24,99.3028
1979-08-31,99.3028
1979-09-07,99.1336
1979-09-14,99.1336
1979-09-21,99.1336
1979-09-28,99.1336
1979-10-05,98.9673
1979-10-12,98.9673
1979-10-19,98.9673
1979-10-26,98.9673
1979-11-02,98.7723
1979-11-09,98.7723
1979-11-16,98.7723
1979-11-23,98.7723
1979-11-30,98.7723
1979-12-07,98.6135
1979-12-14,98.6135
1979-12-21,98.6135
1979-12-28,98.6135
1980-01-04,98.6262
1980-01-11,98.6262
1980-01-18,98.6262
1980-01-25,98.6262
1980-02-01,98.4658
1980-02-08,98.4658
1980-02-15,98.4658
1980-02-22,98.4658
1980-02-29,98.4658
1980-03-07,97.6051
1980-03-14,97.6051
1980-03-21,97.6051
1980-03-28,97.6051
1980-04-04,96.3811
1980-04-11,96.3811
1980-04-18,96.3811
1980-04-25,96.3811
1980-05-02,95.3932
1980-05-09,95.3932
1980-05-16,95.3932
1980-05-23,95.3932
1980-05-30,95.3932
1980-06-06,95.3543
1980-06-13,95.3543
1980-06-20,95.3543
1980-06-27,95.3543
1980-07-04,96.3058
1980-07-11,96.3058
1980-07-18,96.3058
1980-07-25,96.3058
1980-08-01,97.8561
1980-08-08,97.8561
1980-08-15,97.8561
1980-08-22,97.8561
1980-08-29,97.8561
1980-09-05,99.2705
1980-09-12,99.2705
1980-09-19,99.2705
1980-09-26,99.2705
1980-10-03,100.2468
1980-10-10,100.2468
1980-10-17,100.2468
1980-10-24,100.2468
1980-10-31,100.2468
1980-11-07,100.5201
1980-11-14,100.5201
1980-11-21,100.5201
1980-11-28,100.5201
1980-12-05,100.0827
1980-12-12,100.0827
1980-12-19,100.0827
1980-12-26,100.0827
1981-01-02,99.5092
1981-01-09,99.5092
1981-01-16,99.5092
1981-01-23,99.5092
1981-01-30,99.5092
1981-02-06,99.2415
1981-02-13,99.2415
1981-02-20,99.2415
1981-02-27,99.2415
1981-03-06,99.3206
1981-03-13,99.3206
1981-03-20,99.3206
1981-03-27,99.3206
1981-04-03,99.5658
1981-04-10,99.5658
1981-04-17,99.5658
1981-04-24,99.5658
1981-05-01,99.6726
1981-05-08,99.6726
1981-05-15,99.6726
1981-05-22,99.6726
1981-05-29,99.6726
1981-06-05,99.4111
1981-06-12,99.4111
1981-06-19,99.4111
1981-06-26,99.4111
1981-07-03,98.9394
1981-07-10,98.9394
1981-07-17,98.9394
1981-07-24,98.9394
1981-07-31,98.9394
1981-08-07,98.4456
1981-08-14,98.4456
1981-08-21,98.4456
1981-08-28,98.4456
1981-09-04,97.7323
1981-09-11,97.7323
1981-09-18,97.7323
1981-09-25,97.7323
1981-10-02,97.0662
1981-10-09,97.0662
1981-10-16,97.0662
1981-10-23,97.0662
1981-10-30,97.0662
1981-11-06,96.6050
1981-11-13,96.6050
1981-11-20,96.6050
1981-11-27,96.6050
1981-12-04,96.5110
1981-12-11,96.5110
1981-12-18,96.5110
1981-12-25,96.5110
1982-01-01,96.5474
1982-01-08,96.5474
1982-01-15,96.5474
1982-01-22,96.5474
1982-01-29,96.5474
1982-02-05,96.5492
1982-02-12,96.5492
1982-02-19,96.5492
1982-02-26,96.5492
1982-03-05,96.4755
1982-03-12,96.4755
1982-03-19,96.4755
1982-03-26,96.4755
1982-04-02,96.4297
1982-04-09,96.4297
1982-04-16,96.4297
1982-04-23,96.4297
1982-04-30,96.4297
1982-05-07,96.4011
1982-05-14,96.4011
1982-05-21,96.4011
1982-05-28,96.4011
1982-06-04,96.5321
1982-06-11,96.5321
1982-06-18,96.5321
1982-06-25,96.5321
1982-07-02,96.6372
1982-07-09,96.6372
1982-07-16,96.6372
1982-07-23,96.6372
1982-07-30,96.6372
1982-08-06,96.6924
1982-08-13,96.6924
1982-08-20,96.6924
1982-08-27,96.6924
1982-09-03,96.7523
1982-09-10,96.7523
1982-09-17,96.7523
1982-09-24,96.7523
1982-10-01,96.8727
1982-10-08,96.8727
1982-10-15,96.8727
1982-10-22,96.8727
1982-10-29,96.8727
1982-11-05,97.1614
1982-11-12,97.1614
1982-11-19,97.1614
1982-11-26,97.1614
1982-12-03,97.7911
1982-12-10,97.7911
1982-12-17,97.7911
1982-12-24,97.7911
1982-12-31,97.7911
1983-01-07,98.6658
1983-01-14,98.6658
1983-01-21,98.6658
1983-01-28,98.6658
1983-02-04,99.5889
1983-02-11,99.5889
1983-02-18,99.5889
1983-02-25,99.5889
1983-03-04,100.0976
1983-03-11,100.0976
1983-03-18,100.0976
1983-03-25,100.0976
1983-04-01,100.4002
1983-04-08,100.4002
1983-04-15,100.4002
1983-04-22,100.4002
1983-04-29,100.4002
1983-05-06,100.7572
1983-05-13,100.7572
1983-05-20,100.7572
1983-05-27,100.7572
1983-06-03,101.2451
1983-06-10,101.2451
1983-06-17,101.2451
1983-06-24,101.2451
1983-07-01,101.8201
1983-07-08,101.8201
1983-07-15,101.8201
1983-07-22,101.8201
1983-07-29,101.8201
1983-08-05,102.1401
1983-08-12,102.1401
1983-08-19,102.1401
1983-08-26,102.1401
1983-09-02,102.3417
1983-09-09,102.3417
1983-09-16,102.3417
1983-09-23,102.3417
1983-09-30,102.3417
1983-10-07,102.6091
1983-10-14,102.6091
1983-10-21,102.6091
1983-10-28,102.6091
1983-11-04,102.8395
1983-11-11,102.8395
1983-11-18,102.8395
1983-11-25,102.8395
1983-12-02,102.7968
1983-12-09,102.7968
1983-12-16,102.7968
1983-12-23,102.7968
1983-12-30,102.7968
1984-01-06,102.2353
1984-01-13,102.2353
1984-01-20,102.2353
1984-01-27,102.2353
1984-02-03,101.8070
1984-02-10,101.8070
1984-02-17,101.8070
1984-02-24,101.8070
1984-03-02,101.5402
1984-03-09,101.5402
1984-03-16,101.5402
1984-03-23,101.5402
1984-03-30,101.5402
1984-04-06,101.4454
1984-04-13,101.4454
1984-04-20,101.4454
1984-04-27,101.4454
1984-05-04,101.2497
1984-05-11,101.2497
1984-05-18,101.2497
1984-05-25,101.2497
1984-06-01,100.9579
1984-06-08,100.9579
1984-06-15,100.9579
1984-06-22,100.9579
1984-06-29,100.9579
1984-07-06,100.5155
1984-07-13,100.5155
1984-07-20,100.5155
1984-07-27,100.5155
1984-08-03,99.9901
1984-08-10,99.9901
1984-08-17,99.9901
1984-08-24,99.9901
1984-08-31,99.9901
1984-09-07,99.5710
1984-09-14,99.5710
1984-09-21,99.5710
1984-09-28,99.5710
1984-10-05,99.4074
1984-10-12,99.4074
1984-10-19,99.4074
1984-10-26,99.4074
1984-11-02,99.3631
1984-11-09,99.3631
1984-11-16,99.3631
1984-11-23,99.3631
1984-11-30,99.3631
1984-12-07,99.3574
1984-12-14,99.3574
1984-12-21,99.3574
1984-12-28,99.3574
1985-01-04,99.2984
1985-01-11,99.2984
1985-01-18,99.2984
1985-01-25,99.2984
1985-02-01,99.1554
1985-02-08,99.1554
1985-02-15,99.1554
1985-02-22,99.1554
1985-03-01,98.9512
1985-03-08,98.9512
1985-03-15,98.9512
1985-03-22,98.9512
1985-03-29,98.9512
1985-04-05,98.8167
1985-04-12,98.8167
1985-04-19,98.8167
1985-04-26,98.8167
1985-05-03,98.7299
1985-05-10,98.7299
1985-05-17,98.7299
1985-05-24,98.7299
1985-05-31,98.7299
1985-06-07,98.7390
1985-06-14,98.7390
1985-06-21,98.7390
1985-06-28,98.7390
1985-07-05,98.8051
1985-07-12,98.8051
1985-07-19,98.8051
1985-07-26,98.8051
1985-08-02,98.9490
1985-08-09,98.9490
1985-08-16,98.9490
1985-08-23,98.9490
1985-08-30,98.9490
1985-09-06,99.2061
1985-09-13,99.2061
1985-09-20,99.2061
1985-09-27,99.2061
1985-10-04,99.4395
1985-10-11,99.4395
1985-10-18,99.4395
1985-10-25,99.4395
1985-11-01,99.5691
1985-11-08,99.5691
1985-11-15,99.5691
1985-11-22,99.5691
1985-11-29,99.5691
1985-12-06,99.5606
1985-12-13,99.5606
1985-12-20,99.5606
1985-12-27,99.5606
1986-01-03,99.5389
1986-01-10,99.5389
1986-01-17,99.5389
1986-01-24,99.5389
1986-01-31,99.5389
1986-02-07,99.5092
1986-02-14,99.5092
1986-02-21,99.5092
1986-02-28,99.5092
1986-03-07,99.4894
1986-03-14,99.4894
1986-03-21,99.4894
1986-03-28,99.4894
1986-04-04,99.4950
1986-04-11,99.4950
1986-04-18,99.4950
1986-04-25,99.4950
1986-05-02,99.5594
1986-05-09,99.5594
1986-05-16,99.5594
1986-05-23,99.5594
1986-05-30,99.5594
1986-06-06,99.4401
1986-06-13,99.4401
1986-06-20,99.4401
1986-06-27,99.4401
1986-07-04,99.3739
1986-07-11,99.3739
1986-07-18,99.3739
1986-07-25,99.3739
1986-08-01,99.5539
1986-08-08,99.5539
1986-08-15,99.5539
1986-08-22,99.5539
1986-08-29,99.5539
1986-09-05,99.6420
1986-09-12,99.6420
1986-09-19,99.6420
1986-09-26,99.6420
1986-10-03,99.6077
1986-10-10,99.6077
1986-10-17,99.6077
1986-10-24,99.6077
1986-10-31,99.6077
1986-11-07,99.5957
1986-11-14,99.5957
1986-11-21,99.5957
1986-11-28,99.5957
1986-12-05,99.6943
1986-12-12,99.6943
1986-12-19,99.6943
1986-12-26,99.6943
1987-01-02,99.9477
1987-01-09,99.9477
1987-01-16,99.9477
1987-01-23,99.9477
1987-01-30,99.9477
1987-02-06,100.1021
1987-02-13,100.1021
1987-02-20,100.1021
1987-02-27,100.1021
1987-03-06,100.3269
1987-03-13,100.3269
1987-03-20,100.3269
1987-03-27,100.3269
1987-04-03,100.5512
1987-04-10,100.5512
1987-04-17,100.5512
1987-04-24,100.5512
1987-05-01,100.7702
1987-05-08,100.7702
1987-05-15,100.7702
1987-05-22,100.7702
1987-05-29,100.7702
1987-06-05,100.9323
1987-06-12,100.9323
1987-06-19,100.9323
1987-06-26,100.9323
1987-07-03,101.0960
1987-07-10,101.0960
1987-07-17,101.0960
1987-07-24,101.0960
1987-07-31,101.0960
1987-08-07,101.3125
1987-08-14,101.3125
1987-08-21,101.3125
1987-08-28,101.3125
1987-09-04,101.4843
1987-09-11,101.4843
1987-09-18,101.4843
1987-09-25,101.4843
1987-10-02,101.5473
1987-10-09,101.5473
1987-10-16,101.5473
1987-10-23,101.5473
1987-10-30,101.5473
1987-11-06,101.4760
1987-11-13,101.4760
1987-11-20,101.4760
1987-11-27,101.4760
1987-12-04,101.3538
1987-12-11,101.3538
1987-12-18,101.3538
1987-12-25,101.3538
1988-01-01,101.0232
1988-01-08,101.0232
1988-01-15,101.0232
1988-01-22,101.0232
1988-01-29,101.0232
1988-02-05,100.6953
1988-02-12,100.6953
1988-02-19,100.6953
1988-02-26,100.6953
1988-03-04,100.5052
1988-03-11,100.5052
1988-03-18,100.5052
1988-03-25,100.5052
1988-04-01,100.5519
1988-04-08,100.5519
1988-04-15,100.5519
1988-04-22,100.5519
1988-04-29,100.5519
1988-05-06,100.7337
1988-05-13,100.7337
1988-05-20,100.7337
1988-05-27,100.7337
1988-06-03,100.9675
1988-06-10,100.9675
1988-06-17,100.9675
1988-06-24,100.9675
1988-07-01,100.9407
1988-07-08,100.9407
1988-07-15,100.9407
1988-07-22,100.9407
1988-07-29,100.9407
1988-08-05,100.7190
1988-08-12,100.7190
1988-08-19,100.7190
1988-08-26,100.7190
1988-09-02,100.5296
1988-09-09,100.5296
1988-09-16,100.5296
1988-09-23,100.5296
1988-09-30,100.5296
1988-10-07,100.4956
1988-10-14,100.4956
1988-10-21,100.4956
1988-10-28,100.4956
1988-11-04,100.5151
1988-11-11,100.5151
1988-11-18,100.5151
1988-11-25,100.5151
1988-12-02,100.4946
1988-12-09,100.4946
1988-12-16,100.4946
1988-12-23,100.4946
1988-12-30,100.4946
1989-01-06,100.3517
1989-01-13,100.3517
1989-01-20,100.3517
1989-01-27,100.3517
1989-02-03,100.1241
1989-02-10,100.1241
1989-02-17,100.1241
1989-02-24,100.1241
1989-03-03,99.8247
1989-03-10,99.8247
1989-03-17,99.8247
1989-03-24,99.8247
1989-03-31,99.8247
1989-04-07,99.5363
1989-04-14,99.5363
1989-04-21,99.5363
1989-04-28,99.5363
1989-05-05,99.1347
1989-05-12,99.1347
1989-05-19,99.1347
1989-05-26,99.1347
1989-06-02,98.7324
1989-06-09,98.7324
1989-06-16,98.7324
1989-06-23,98.7324
1989-06-30,98.7324
1989-07-07,98.4377
1989-07-14,98.4377
1989-07-21,98.4377
1989-07-28,98.4377
1989-08-04,98.3141
1989-08-11,98.3141
1989-08-18,98.3141
1989-08-25,98.3141
1989-09-01,98.3646
1989-09-08,98.3646
1989-09-15,98.3646
1989-09-22,98.3646
1989-09-29,98.3646
1989-10-06,98.4780
1989-10-13,98.4780
1989-10-20,98.4780
1989-10-27,98.4780
1989-11-03,98.5781
1989-11-10,98.5781
1989-11-17,98.5781
1989-11-24,98.5781
1989-12-01,98.6873
1989-12-08,98.6873
1989-12-15,98.6873
1989-12-22,98.6873
1989-12-29,98.6873
1990-01-05,98.8264
1990-01-12,98.8264
1990-01-19,98.8264
1990-01-26,98.8264
1990-02-02,99.0389
1990-02-09,99.0389
1990-02-16,99.0389
1990-02-23,99.0389
1990-03-02,99.2069
1990-03-09,99.2069
1990-03-16,99.2069
1990-03-23,99.2069
1990-03-30,99.2069
1990-04-06,99.2597
1990-04-13,99.2597
1990-04-20,99.2597
1990-04-27,99.2597
1990-05-04,99.1834
1990-05-11,99.1834
1990-05-18,99.1834
1990-05-25,99.1834
1990-06-01,98.9899
1990-06-08,98.9899
1990-06-15,98.9899
1990-06-22,98.9899
1990-06-29,98.9899
1990-07-06,98.6825
1990-07-13,98.6825
1990-07-20,98.6825
1990-07-27,98.6825
1990-08-03,98.3827
1990-08-10,98.3827
1990-08-17,98.3827
1990-08-24,98.3827
1990-08-31,98.3827
1990-09-07,98.0623
1990-09-14,98.0623
1990-09-21,98.0623
1990-09-28,98.0623
1990-10-05,97.7317
1990-10-12,97.7317
1990-10-19,97.7317
1990-10-26,97.7317
1990-11-02,97.4063
1990-11-09,97.4063
1990-11-16,97.4063
1990-11-23,97.4063
1990-11-30,97.4063
1990-12-07,97.1488
1990-12-14,97.1488
1990-12-21,97.1488
1990-12-28,97.1488
1991-01-04,96.9739
1991-01-11,96.9739
1991-01-18,96.9739
1991-01-25,96.9739
1991-02-01,96.9949
1991-02-08,96.9949
1991-02-15,96.9949
1991-02-22,96.9949
1991-03-01,97.2444
1991-03-08,97.2444
1991-03-15,97.2444
1991-03-22,97.2444
1991-03-29,97.2444
1991-04-05,97.6972
1991-04-12,97.6972
1991-04-19,97.6972
1991-04-26,97.6972
1991-05-03,98.3089
1991-05-10,98.3089
1991-05-17,98.3089
1991-05-24,98.3089
1991-05-31,98.3089
1991-06-07,99.0285
1991-06-14,99.0285
1991-06-21,99.0285
1991-06-28,99.0285
1991-07-05,99.5633
1991-07-12,99.5633
1991-07-19,99.5633
1991-07-26,99.5633
1991-08-02,99.9442
1991-08-09,99.9442
1991-08-16,99.9442
1991-08-23,99.9442
1991-08-30,99.9442
1991-09-06,100.0572
1991-09-13,100.0572
1991-09-20,100.0572
1991-09-27,100.0572
1991-10-04,99.7721
1991-10-11,99.7721
1991-10-18,99.7721
1991-10-25,99.7721
1991-11-01,99.2726
1991-11-08,99.2726
1991-11-15,99.2726
1991-11-22,99.2726
1991-11-29,99.2726
1991-12-06,98.9428
1991-12-13,98.9428
1991-12-20,98.9428
1991-12-27,98.9428
1992-01-03,99.0686
1992-01-10,99.0686
1992-01-17,99.0686
1992-01-24,99.0686
1992-01-31,99.0686
1992-02-07,99.5701
1992-02-14,99.5701
1992-02-21,99.5701
1992-02-28,99.5701
1992-03-06,99.9863
1992-03-13,99.9863
1992-03-20,99.9863
1992-03-27,99.9863
1992-04-03,100.1696
1992-04-10,100.1696
1992-04-17,100.1696
1992-04-24,100.1696
1992-05-01,100.2912
1992-05-08,100.2912
1992-05-15,100.2912
1992-05-22,100.2912
1992-05-29,100.2912
1992-06-05,100.2138
1992-06-12,100.2138
1992-06-19,100.2138
1992-06-26,100.2138
1992-07-03,100.0575
1992-07-10,100.0575
1992-07-17,100.0575
1992-07-24,100.0575
1992-07-31,100.0575
1992-08-07,99.8116
1992-08-14,99.8116
1992-08-21,99.8116
1992-08-28,99.8116
1992-09-04,99.5576
1992-09-11,99.5576
1992-09-18,99.5576
1992-09-25,99.5576
1992-10-02,99.6041
1992-10-09,99.6041
1992-10-16,99.6041
1992-10-23,99.6041
1992-10-30,99.6041
1992-11-06,99.9212
1992-11-13,99.9212
1992-11-20,99.9212
1992-11-27,99.9212
1992-12-04,100.2268
1992-12-11,100.2268
1992-12-18,100.2268
1992-12-25,100.2268
1993-01-01,100.4011
1993-01-08,100.4011
1993-01-15,100.4011
1993-01-22,100.4011
1993-01-29,100.4011
1993-02-05,100.3133
1993-02-12,100.3133
1993-02-19,100.3133
1993-02-26,100.3133
1993-03-05,100.0018
1993-03-12,100.0018
1993-03-19,100.0018
1993-03-26,100.0018
1993-04-02,99.6297
1993-04-09,99.6297
1993-04-16,99.6297
1993-04-23,99.6297
1993-04-30,99.6297
1993-05-07,99.4188
1993-05-14,99.4188
1993-05-21,99.4188
1993-05-28,99.4188
1993-06-04,99.2913
1993-06-11,99.2913
1993-06-18,99.2913
1993-06-25,99.2913
1993-07-02,99.3022
1993-07-09,99.3022
1993-07-16,99.3022
1993-07-23,99.3022
1993-07-30,99.3022
1993-08-06,99.4118
1993-08-13,99.4118
1993-08-20,99.4118
1993-08-27,99.4118
1993-09-03,99.6084
1993-09-10,99.6084
1993-09-17,99.6084
1993-09-24,99.6084
1993-10-01,99.9091
1993-10-08,99.9091
1993-10-15,99.9091
1993-10-22,99.9091
1993-10-29,99.9091
1993-11-05,100.1855
1993-11-12,100.1855
1993-11-19,100.1855
1993-11-26,100.1855
1993-12-03,100.4386
1993-12-10,100.4386
1993-12-17,100.4386
1993-12-24,100.4386
1993-12-31,100.4386
1994-01-07,100.6118
1994-01-14,100.6118
1994-01-21,100.6118
1994-01-28,100.6118
1994-02-04,100.7356
1994-02-11,100.7356
1994-02-18,100.7356
1994-02-25,100.7356
1994-03-04,100.8440
1994-03-11,100.8440
1994-03-18,100.8440
1994-03-25,100.8440
1994-04-01,100.9606
1994-04-08,100.9606
1994-04-15,100.9606
1994-04-22,100.9606
1994-04-29,100.9606
1994-05-06,101.0793
1994-05-13,101.0793
1994-05-20,101.0793
1994-05-27,101.0793
1994-06-03,101.1583
1994-06-10,101.1583
1994-06-17,101.1583
1994-06-24,101.1583
1994-07-01,101.1790
1994-07-08,101.1790
1994-07-15,101.1790
1994-07-22,101.1790
1994-07-29,101.1790
1994-08-05,101.1994
1994-08-12,101.1994
1994-08-19,101.1994
1994-08-26,101.1994
1994-09-02,101.2671
1994-09-09,101.2671
1994-09-16,101.2671
1994-09-23,101.2671
1994-09-30,101.2671
1994-10-07,101.2881
1994-10-14,101.2881
1994-10-21,101.2881
1994-10-28,101.2881
1994-11-04,101.1809
1994-11-11,101.1809
1994-11-18,101.1809
1994-11-25,101.1809
1994-12-02,100.9439
1994-12-09,100.9439
1994-12-16,100.9439
1994-12-23,100.9439
1994-12-30,100.9439
1995-01-06,100.7182
1995-01-13,100.7182
1995-01-20,100.7182
1995-01-27,100.7182
1995-02-03,100.3381
1995-02-10,100.3381
1995-02-17,100.3381
1995-02-24,100.3381
1995-03-03,99.8444
1995-03-10,99.8444
1995-03-17,99.8444
1995-03-24,99.8444
1995-03-31,99.8444
1995-04-07,99.3556
1995-04-14,99.3556
1995-04-21,99.3556
1995-04-28,99.3556
1995-05-05,98.8963
1995-05-12,98.8963
1995-05-19,98.8963
1995-05-26,98.8963
1995-06-02,98.7534
1995-06-09,98.7534
1995-06-16,98.7534
1995-06-23,98.7534
1995-06-30,98.7534
1995-07-07,98.8722
1995-07-14,98.8722
1995-07-21,98.8722
1995-07-28,98.8722
1995-08-04,98.8217
1995-08-11,98.8217
1995-08-18,98.8217
1995-08-25,98.8217
1995-09-01,98.7396
1995-09-08,98.7396
1995-09-15,98.7396
1995-09-22,98.7396
1995-09-29,98.7396
1995-10-06,98.5850
1995-10-13,98.5850
1995-10-20,98.5850
1995-10-27,98.5850
1995-11-03,98.4419
1995-11-10,98.4419
1995-11-17,98.4419
1995-11-24,98.4419
1995-12-01,98.3642
1995-12-08,98.3642
1995-12-15,98.3642
1995-12-22,98.3642
1995-12-29,98.3642
1996-01-05,98.3410
1996-01-12,98.3410
1996-01-19,98.3410
1996-01-26,98.3410
1996-02-02,98.4407
1996-02-09,98.4407
1996-02-16,98.4407
1996-02-23,98.4407
1996-03-01,98.6797
1996-03-08,98.6797
1996-03-15,98.6797
1996-03-22,98.6797
1996-03-29,98.6797
1996-04-05,99.0108
1996-04-12,99.0108
1996-04-19,99.0108
1996-04-26,99.0108
1996-05-03,99.3059
1996-05-10,99.3059
1996-05-17,99.3059
1996-05-24,99.3059
1996-05-31,99.3059
1996-06-07,99.5567
1996-06-14,99.5567
1996-06-21,99.5567
1996-06-28,99.5567
1996-07-05,99.5349
1996-07-12,99.5349
1996-07-19,99.5349
1996-07-26,99.5349
1996-08-02,99.5388
1996-08-09,99.5388
1996-08-16,99.5388
1996-08-23,99.5388
1996-08-30,99.5388
1996-09-06,99.5510
1996-09-13,99.5510
1996-09-20,99.5510
1996-09-27,99.5510
1996-10-04,99.6553
1996-10-11,99.6553
1996-10-18,99.6553
1996-10-25,99.6553
1996-11-01,99.9138
1996-11-08,99.9138
1996-11-15,99.9138
1996-11-22,99.9138
1996-11-29,99.9138
1996-12-06,100.1297
1996-12-13,100.1297
1996-12-20,100.1297
1996-12-27,100.1297
1997-01-03,100.1424
1997-01-10,100.1424
1997-01-17,100.1424
1997-01-24,100.1424
1997-01-31,100.1424
1997-02-07,100.0995
1997-02-14,100.0995
1997-02-21,100.0995
1997-02-28,100.0995
1997-03-07,100.1333
1997-03-14,100.1333
1997-03-21,100.1333
1997-03-28,100.1333
1997-04-04,100.2492
1997-04-11,100.2492
1997-04-18,100.2492
1997-04-25,100.2492
1997-05-02,100.4466
1997-05-09,100.4466
1997-05-16,100.4466
1997-05-23,100.4466
1997-05-30,100.4466
1997-06-06,100.5810
1997-06-13,100.5810
1997-06-20,100.5810
1997-06-27,100.5810
1997-07-04,100.6983
1997-07-11,100.6983
1997-07-18,100.6983
1997-07-25,100.6983
1997-08-01,100.6345
1997-08-08,100.6345
1997-08-15,100.6345
1997-08-22,100.6345
1997-08-29,100.6345
1997-09-05,100.5185
1997-09-12,100.5185
1997-09-19,100.5185
1997-09-26,100.5185
1997-10-03,100.5264
1997-10-10,100.5264
1997-10-17,100.5264
1997-10-24,100.5264
1997-10-31,100.5264
1997-11-07,100.4650
1997-11-14,100.4650
1997-11-21,100.4650
1997-11-28,100.4650
1997-12-05,100.3182
1997-12-12,100.3182
1997-12-19,100.3182
1997-12-26,100.3182
1998-01-02,100.1534
1998-01-09,100.1534
1998-01-16,100.1534
1998-01-23,100.1534
1998-01-30,100.1534
1998-02-06,100.0024
1998-02-13,100.0024
1998-02-20,100.0024
1998-02-27,100.0024
1998-03-06,99.8706
1998-03-13,99.8706
1998-03-20,99.8706
1998-03-27,99.8706
1998-04-03,99.6895
1998-04-10,99.6895
1998-04-17,99.6895
1998-04-24,99.6895
1998-05-01,99.4478
1998-05-08,99.4478
1998-05-15,99.4478
1998-05-22,99.4478
1998-05-29,99.4478
1998-06-05,99.2177
1998-06-12,99.2177
1998-06-19,99.2177
1998-06-26,99.2177
1998-07-03,99.1085
1998-07-10,99.1085
1998-07-17,99.1085
1998-07-24,99.1085
1998-07-31,99.1085
1998-08-07,99.0537
1998-08-14,99.0537
1998-08-21,99.0537
1998-08-28,99.0537
1998-09-04,98.9867
1998-09-11,98.9867
1998-09-18,98.9867
1998-09-25,98.9867
1998-10-02,98.9180
1998-10-09,98.9180
1998-10-16,98.9180
1998-10-23,98.9180
1998-10-30,98.9180
1998-11-06,98.8685
1998-11-13,98.8685
1998-11-20,98.8685
1998-11-27,98.8685
1998-12-04,98.9392
1998-12-11,98.9392
1998-12-18,98.9392
1998-12-25,98.9392
1999-01-01,99.2489
1999-01-08,99.2489
1999-01-15,99.2489
1999-01-22,99.2489
1999-01-29,99.2489
1999-02-05,99.5543
1999-02-12,99.5543
1999-02-19,99.5543
1999-02-26,99.5543
1999-03-05,99.7816
1999-03-12,99.7816
1999-03-19,99.7816
1999-03-26,99.7816
1999-04-02,99.9647
1999-04-09,99.9647
1999-04-16,99.9647
1999-04-23,99.9647
1999-04-30,99.9647
1999-05-07,100.1734
1999-05-14,100.1734
1999-05-21,100.1734
1999-05-28,100.1734
1999-06-04,100.3079
1999-06-11,100.3079
1999-06-18,100.3079
1999-06-25,100.3079
1999-07-02,100.3333
1999-07-09,100.3333
1999-07-16,100.3333
1999-07-23,100.3333
1999-07-30,100.3333
1999-08-06,100.4772
1999-08-13,100.4772
1999-08-20,100.4772
1999-08-27,100.4772
1999-09-03,100.7173
1999-09-10,100.7173
1999-09-17,100.7173
1999-09-24,100.7173
1999-10-01,100.9027
1999-10-08,100.9027
1999-10-15,100.9027
1999-10-22,100.9027
1999-10-29,100.9027
1999-11-05,101.0020
1999-11-12,101.0020
1999-11-19,101.0020
1999-11-26,101.0020
1999-12-03,100.9614
1999-12-10,100.9614
1999-12-17,100.9614
1999-12-24,100.9614
1999-12-31,100.9614
2000-01-07,100.8053
2000-01-14,100.8053
2000-01-21,100.8053
2000-01-28,100.8053
2000-02-04,100.6102
2000-02-11,100.6102
2000-02-18,100.6102
2000-02-25,100.6102
2000-03-03,100.4170
2000-03-10,100.4170
2000-03-17,100.4170
2000-03-24,100.4170
2000-03-31,100.4170
2000-04-07,100.2272
2000-04-14,100.2272
2000-04-21,100.2272
2000-04-28,100.2272
2000-05-05,99.9960
2000-05-12,99.9960
2000-05-19,99.9960
2000-05-26,99.9960
2000-06-02,99.7786
2000-06-09,99.7786
2000-06-16,99.7786
2000-06-23,99.7786
2000-06-30,99.7786
2000-07-07,99.6285
2000-07-14,99.6285
2000-07-21,99.6285
2000-07-28,99.6285
2000-08-04,99.4161
2000-08-11,99.4161
2000-08-18,99.4161
2000-08-25,99.4161
2000-09-01,99.2231
2000-09-08,99.2231
2000-09-15,99.2231
2000-09-22,99.2231
2000-09-29,99.2231
2000-10-06,98.9784
2000-10-13,98.9784
2000-10-20,98.9784
2000-10-27,98.9784
2000-11-03,98.6070
2000-11-10,98.6070
2000-11-17,98.6070
2000-11-24,98.6070
2000-12-01,98.0530
2000-12-08,98.0530
2000-12-15,98.0530
2000-12-22,98.0530
2000-12-29,98.0530
2001-01-05,97.6067
2001-01-12,97.6067
2001-01-19,97.6067
2001-01-26,97.6067
2001-02-02,97.4399
2001-02-09,97.4399
2001-02-16,97.4399
2001-02-23,97.4399
2001-03-02,97.4977
2001-03-09,97.4977
2001-03-16,97.4977
2001-03-23,97.4977
2001-03-30,97.4977
2001-04-06,97.5994
2001-04-13,97.5994
2001-04-20,97.5994
2001-04-27,97.5994
2001-05-04,97.7129
2001-05-11,97.7129
2001-05-18,97.7129
2001-05-25,97.7129
2001-06-01,97.9635
2001-06-08,97.9635
2001-06-15,97.9635
2001-06-22,97.9635
2001-06-29,97.9635
2001-07-06,98.2549
2001-07-13,98.2549
2001-07-20,98.2549
2001-07-27,98.2549
2001-08-03,98.4614
2001-08-10,98.4614
2001-08-17,98.4614
2001-08-24,98.4614
2001-08-31,98.4614
2001-09-07,98.3141
2001-09-14,98.3141
2001-09-21,98.3141
2001-09-28,98.3141
2001-10-05,97.9914
2001-10-12,97.9914
2001-10-19,97.9914
2001-10-26,97.9914
2001-11-02,98.1338
2001-11-09,98.1338
2001-11-16,98.1338
2001-11-23,98.1338
2001-11-30,98.1338
2001-12-07,98.5713
2001-12-14,98.5713
2001-12-21,98.5713
2001-12-28,98.5713
2002-01-04,99.1780
2002-01-11,99.1780
2002-01-18,99.1780
2002-01-25,99.1780
2002-02-01,99.8114
2002-02-08,99.8114
2002-02-15,99.8114
2002-02-22,99.8114
2002-03-01,100.2368
2002-03-08,100.2368
2002-03-15,100.2368
2002-03-22,100.2368
2002-03-29,100.2368
2002-04-05,100.4030
2002-04-12,100.4030
2002-04-19,100.4030
2002-04-26,100.4030
2002-05-03,100.4149
2002-05-10,100.4149
2002-05-17,100.4149
2002-05-24,100.4149
2002-05-31,100.4149
2002-06-07,100.2348
2002-06-14,100.2348
2002-06-21,100.2348
2002-06-28,100.2348
2002-07-05,99.8481
2002-07-12,99.8481
2002-07-19,99.8481
2002-07-26,99.8481
2002-08-02,99.5752
2002-08-09,99.5752
2002-08-16,99.5752
2002-08-23,99.5752
2002-08-30,99.5752
2002-09-06,99.4406
2002-09-13,99.4406
2002-09-20,99.4406
2002-09-27,99.4406
2002-10-04,99.3779
2002-10-11,99.3779
2002-10-18,99.3779
2002-10-25,99.3779
2002-11-01,99.4541
2002-11-08,99.4541
2002-11-15,99.4541
2002-11-22,99.4541
2002-11-29,99.4541
2002-12-06,99.6439
2002-12-13,99.6439
2002-12-20,99.6439
2002-12-27,99.6439
2003-01-03,99.5760
2003-01-10,99.5760
2003-01-17,99.5760
2003-01-24,99.5760
2003-01-31,99.5760
2003-02-07,99.2077
2003-02-14,99.2077
2003-02-21,99.2077
2003-02-28,99.2077
2003-03-07,98.8261
2003-03-14,98.8261
2003-03-21,98.8261
2003-03-28,98.8261
2003-04-04,98.7741
2003-04-11,98.7741
2003-04-18,98.7741
2003-04-25,98.7741
2003-05-02,99.0566
2003-05-09,99.0566
2003-05-16,99.0566
2003-05-23,99.0566
2003-05-30,99.0566
2003-06-06,99.4145
2003-06-13,99.4145
2003-06-20,99.4145
2003-06-27,99.4145
2003-07-04,99.8179
2003-07-11,99.8179
2003-07-18,99.8179
2003-07-25,99.8179
2003-08-01,100.2185
2003-08-08,100.2185
2003-08-15,100.2185
2003-08-22,100.2185
2003-08-29,100.2185
2003-09-05,100.5456
2003-09-12,100.5456
2003-09-19,100.5456
2003-09-26,100.5456
2003-10-03,101.0137
2003-10-10,101.0137
2003-10-17,101.0137
2003-10-24,101.0137
2003-10-31,101.0137
2003-11-07,101.5524
2003-11-14,101.5524
2003-11-21,101.5524
2003-11-28,101.5524
2003-12-05,101.9581
2003-12-12,101.9581
2003-12-19,101.9581
2003-12-26,101.9581
2004-01-02,102.1086
2004-01-09,102.1086
2004-01-16,102.1086
2004-01-23,102.1086
2004-01-30,102.1086
2004-02-06,102.1115
2004-02-13,102.1115
2004-02-20,102.1115
2004-02-27,102.1115
2004-03-05,102.1088
2004-03-12,102.1088
2004-03-19,102.1088
2004-03-26,102.1088
2004-04-02,102.1198
2004-04-09,102.1198
2004-04-16,102.1198
2004-04-23,102.1198
2004-04-30,102.1198
2004-05-07,102.0653
2004-05-14,102.0653
2004-05-21,102.0653
2004-05-28,102.0653
2004-06-04,101.9119
2004-06-11,101.9119
2004-06-18,101.9119
2004-06-25,101.9119
2004-07-02,101.7041
2004-07-09,101.7041
2004-07-16,101.7041
2004-07-23,101.7041
2004-07-30,101.7041
2004-08-06,101.4080
2004-08-13,101.4080
2004-08-20,101.4080
2004-08-27,101.4080
2004-09-03,101.1189
2004-09-10,101.1189
2004-09-17,101.1189
2004-09-24,101.1189
2004-10-01,100.9361
2004-10-08,100.9361
2004-10-15,100.9361
2004-10-22,100.9361
2004-10-29,100.9361
2004-11-05,100.8982
2004-11-12,100.8982
2004-11-19,100.8982
2004-11-26,100.8982
2004-12-03,100.8997
2004-12-10,100.8997
2004-12-17,100.8997
2004-12-24,100.8997
2004-12-31,100.8997
2005-01-07,100.7508
2005-01-14,100.7508
2005-01-21,100.7508
2005-01-28,100.7508
2005-02-04,100.5531
2005-02-11,100.5531
2005-02-18,100.5531
2005-02-25,100.5531
2005-03-04,100.3384
2005-03-11,100.3384
2005-03-18,100.3384
2005-03-25,100.3384
2005-04-01,100.1120
2005-04-08,100.1120
2005-04-15,100.1120
2005-04-22,100.1120
2005-04-29,100.1120
2005-05-06,100.0000
2005-05-13,100.0000
2005-05-20,100.0000
2005-05-27,100.0000
2005-06-03,100.1444
2005-06-10,100.1444
2005-06-17,100.1444
2005-06-24,100.1444
2005-07-01,100.3713
2005-07-08,100.3713
2005-07-15,100.3713
2005-07-22,100.3713
2005-07-29,100.3713
2005-08-05,100.5340
2005-08-12,100.5340
2005-08-19,100.5340
2005-08-26,100.5340
2005-09-02,100.8182
2005-09-09,100.8182
2005-09-16,100.8182
2005-09-23,100.8182
2005-09-30,100.8182
2005-10-07,100.9365
2005-10-14,100.9365
2005-10-21,100.9365
2005-10-28,100.9365
2005-11-04,100.8411
2005-11-11,100.8411
2005-11-18,100.8411
2005-11-25,100.8411
2005-12-02,100.6277
2005-12-09,100.6277
2005-12-16,100.6277
2005-12-23,100.6277
2005-12-30,100.6277
2006-01-06,100.4539
2006-01-13,100.4539
2006-01-20,100.4539
2006-01-27,100.4539
2006-02-03,100.3756
2006-02-10,100.3756
2006-02-17,100.3756
2006-02-24,100.3756
2006-03-03,100.3438
2006-03-10,100.3438
2006-03-17,100.3438
2006-03-24,100.3438
2006-03-31,100.3438
2006-04-07,100.3271
2006-04-14,100.3271
2006-04-21,100.3271
2006-04-28,100.3271
2006-05-05,100.1884
2006-05-12,100.1884
2006-05-19,100.1884
2006-05-26,100.1884
2006-06-02,100.0563
2006-06-09,100.0563
2006-06-16,100.0563
2006-06-23,100.0563
2006-06-30,100.0563
2006-07-07,99.9986
2006-07-14,99.9986
2006-07-21,99.9986
2006-07-28,99.9986
2006-08-04,99.9103
2006-08-11,99.9103
2006-08-18,99.9103
2006-08-25,99.9103
2006-09-01,99.7265
2006-09-08,99.7265
2006-09-15,99.7265
2006-09-22,99.7265
2006-09-29,99.7265
2006-10-06,99.5332
2006-10-13,99.5332
2006-10-20,99.5332
2006-10-27,99.5332
2006-11-03,99.3963
2006-11-10,99.3963
2006-11-17,99.3963
2006-11-24,99.3963
2006-12-01,99.3778
2006-12-08,99.3778
2006-12-15,99.3778
2006-12-22,99.3778
2006-12-29,99.3778
2007-01-05,99.3625
2007-01-12,99.3625
2007-01-19,99.3625
2007-01-26,99.3625
2007-02-02,99.4754
2007-02-09,99.4754
2007-02-16,99.4754
2007-02-23,99.4754
2007-03-02,99.6093
2007-03-09,99.6093
2007-03-16,99.6093
2007-03-23,99.6093
2007-03-30,99.6093
2007-04-06,99.7996
2007-04-13,99.7996
2007-04-20,99.7996
2007-04-27,99.7996
2007-05-04,99.9133
2007-05-11,99.9133
2007-05-18,99.9133
2007-05-25,99.9133
2007-06-01,99.9233
2007-06-08,99.9233
2007-06-15,99.9233
2007-06-22,99.9233
2007-06-29,99.9233
2007-07-06,99.7956
2007-07-13,99.7956
2007-07-20,99.7956
2007-07-27,99.7956
2007-08-03,99.6112
2007-08-10,99.6112
2007-08-17,99.6112
2007-08-24,99.6112
2007-08-31,99.6112
2007-09-07,99.4509
2007-09-14,99.4509
2007-09-21,99.4509
2007-09-28,99.4509
2007-10-05,99.3359
2007-10-12,99.3359
2007-10-19,99.3359
2007-10-26,99.3359
2007-11-02,99.2324
2007-11-09,99.2324
2007-11-16,99.2324
2007-11-23,99.2324
2007-11-30,99.2324
2007-12-07,99.1453
2007-12-14,99.1453
2007-12-21,99.1453
2007-12-28,99.1453
2008-01-04,99.1326
2008-01-11,99.1326
2008-01-18,99.1326
2008-01-25,99.1326
2008-02-01,99.0380
2008-02-08,99.0380
2008-02-15,99.0380
2008-02-22,99.0380
2008-02-29,99.0380
2008-03-07,99.0133
2008-03-14,99.0133
2008-03-21,99.0133
2008-03-28,99.0133
2008-04-04,99.0811
2008-04-11,99.0811
2008-04-18,99.0811
2008-04-25,99.0811
2008-05-02,99.2262
2008-05-09,99.2262
2008-05-16,99.2262
2008-05-23,99.2262
2008-05-30,99.2262
2008-06-06,99.3280
2008-06-13,99.3280
2008-06-20,99.3280
2008-06-27,99.3280
2008-07-04,99.2363
2008-07-11,99.2363
2008-07-18,99.2363
2008-07-25,99.2363
2008-08-01,98.8028
2008-08-08,98.8028
2008-08-15,98.8028
2008-08-22,98.8028
2008-08-29,98.8028
2008-09-05,97.9288
2008-09-12,97.9288
2008-09-19,97.9288
2008-09-26,97.9288
2008-10-03,96.9759
2008-10-10,96.9759
2008-10-17,96.9759
2008-10-24,96.9759
2008-10-31,96.9759
2008-11-07,96.2225
2008-11-14,96.2225
2008-11-21,96.2225
2008-11-28,96.2225
2008-12-05,95.7979
2008-12-12,95.7979
2008-12-19,95.7979
2008-12-26,95.7979
2009-01-02,95.8367
2009-01-09,95.8367
2009-01-16,95.8367
2009-01-23,95.8367
2009-01-30,95.8367
2009-02-06,96.0628
2009-02-13,96.0628
2009-02-20,96.0628
2009-02-27,96.0628
2009-03-06,96.4582
2009-03-13,96.4582
2009-03-20,96.4582
2009-03-27,96.4582
2009-04-03,97.0601
2009-04-10,97.0601
2009-04-17,97.0601
2009-04-24,97.0601
2009-05-01,97.7200
2009-05-08,97.7200
2009-05-15,97.7200
2009-05-22,97.7200
2009-05-29,97.7200
2009-06-05,98.3880
2009-06-12,98.3880
2009-06-19,98.3880
2009-06-26,98.3880
2009-07-03,99.0736
2009-07-10,99.0736
2009-07-17,99.0736
2009-07-24,99.0736
2009-07-31,99.0736
2009-08-07,99.6423
2009-08-14,99.6423
2009-08-21,99.6423
2009-08-28,99.6423
2009-09-04,99.9725
2009-09-11,99.9725
2009-09-18,99.9725
2009-09-25,99.9725
2009-10-02,100.2061
2009-10-09,100.2061
2009-10-16,100.2061
2009-10-23,100.2061
2009-10-30,100.2061
2009-11-06,100.3296
2009-11-13,100.3296
2009-11-20,100.3296
2009-11-27,100.3296
2009-12-04,100.5614
2009-12-11,100.5614
2009-12-18,100.5614
2009-12-25,100.5614
2010-01-01,100.8952
2010-01-08,100.8952
2010-01-15,100.8952
2010-01-22,100.8952
2010-01-29,100.8952
2010-02-05,101.1344
2010-02-12,101.1344
2010-02-19,101.1344
2010-02-26,101.1344
2010-03-05,101.3340
2010-03-12,101.3340
2010-03-19,101.3340
2010-03-26,101.3340
2010-04-02,101.2729
2010-04-09,101.2729
2010-04-16,101.2729
2010-04-23,101.2729
2010-04-30,101.2729
2010-05-07,100.9857
2010-05-14,100.9857
2010-05-21,100.9857
2010-05-28,100.9857
2010-06-04,100.6463
2010-06-11,100.6463
2010-06-18,100.6463
2010-06-25,100.6463
2010-07-02,100.4564
2010-07-09,100.4564
2010-07-16,100.4564
2010-07-23,100.4564
2010-07-30,100.4564
2010-08-06,100.4313
2010-08-13,100.4313
2010-08-20,100.4313
2010-08-27,100.4313
2010-09-03,100.5451
2010-09-10,100.5451
2010-09-17,100.5451
2010-09-24,100.5451
2010-10-01,100.7784
2010-10-08,100.7784
2010-10-15,100.7784
2010-10-22,100.7784
2010-10-29,100.7784
2010-11-05,101.0263
2010-11-12,101.0263
2010-11-19,101.0263
2010-11-26,101.0263
2010-12-03,101.2197
2010-12-10,101.2197
2010-12-17,101.2197
2010-12-24,101.2197
2010-12-31,101.2197
2011-01-07,101.3655
2011-01-14,101.3655
2011-01-21,101.3655
2011-01-28,101.3655
2011-02-04,101.4195
2011-02-11,101.4195
2011-02-18,101.4195
2011-02-25,101.4195
2011-03-04,101.3179
2011-03-11,101.3179
2011-03-18,101.3179
2011-03-25,101.3179
2011-04-01,101.0561
2011-04-08,101.0561
2011-04-15,101.0561
2011-04-22,101.0561
2011-04-29,101.0561
2011-05-06,100.6353
2011-05-13,100.6353
2011-05-20,100.6353
2011-05-27,100.6353
2011-06-03,100.3688
2011-06-10,100.3688
2011-06-17,100.3688
2011-06-24,100.3688
2011-07-01,100.0838
2011-07-08,100.0838
2011-07-15,100.0838
2011-07-22,100.0838
2011-07-29,100.0838
2011-08-05,99.8983
2011-08-12,99.8983
2011-08-19,99.8983
2011-08-26,99.8983
2011-09-02,99.7743
2011-09-09,99.7743
2011-09-16,99.7743
2011-09-23,99.7743
2011-09-30,99.7743
2011-10-07,99.6812
2011-10-14,99.6812
2011-10-21,99.6812
2011-10-28,99.6812
2011-11-04,99.6981
2011-11-11,99.6981
2011-11-18,99.6981
2011-11-25,99.6981
2011-12-02,99.8186
2011-12-09,99.8186
2011-12-16,99.8186
2011-12-23,99.8186
2011-12-30,99.8186
2012-01-06,99.9562
2012-01-13,99.9562
2012-01-20,99.9562
2012-01-27,99.9562
2012-02-03,100.0671
2012-02-10,100.0671
2012-02-17,100.0671
2012-02-24,100.0671
2012-03-02,100.1241
2012-03-09,100.1241
2012-03-16,100.1241
2012-03-23,100.1241
2012-03-30,100.1241
2012-04-06,100.0934
2012-04-13,100.0934
2012-04-20,100.0934
2012-04-27,100.0934
2012-05-04,99.9005
2012-05-11,99.9005
2012-05-18,99.9005
2012-05-25,99.9005
2012-06-01,99.6157
2012-06-08,99.6157
2012-06-15,99.6157
2012-06-22,99.6157
2012-06-29,99.6157
2012-07-06,99.4476
2012-07-13,99.4476
2012-07-20,99.4476
2012-07-27,99.4476
2012-08-03,99.4297
2012-08-10,99.4297
2012-08-17,99.4297
2012-08-24,99.4297
2012-08-31,99.4297
2012-09-07,99.4337
2012-09-14,99.4337
2012-09-21,99.4337
2012-09-28,99.4337
2012-10-05,99.3421
2012-10-12,99.3421
2012-10-19,99.3421
2012-10-26,99.3421
2012-11-02,99.2882
2012-11-09,99.2882
2012-11-16,99.2882
2012-11-23,99.2882
2012-11-30,99.2882
2012-12-07,99.4594
2012-12-14,99.4594
2012-12-21,99.4594
2012-12-28,99.4594
2013-01-04,99.7749
2013-01-11,99.7749
2013-01-18,99.7749
2013-01-25,99.7749
2013-02-01,99.9356
2013-02-08,99.9356
2013-02-15,99.9356
2013-02-22,99.9356
2013-03-01,99.7956
2013-03-08,99.7956
2013-03-15,99.7956
2013-03-22,99.7956
2013-03-29,99.7956
2013-04-05,99.5781
2013-04-12,99.5781
2013-04-19,99.5781
2013-04-26,99.5781
2013-05-03,99.5501
2013-05-10,99.5501
2013-05-17,99.5501
2013-05-24,99.5501
2013-05-31,99.5501
2013-06-07,99.7745
2013-06-14,99.7745
2013-06-21,99.7745
2013-06-28,99.7745
2013-07-05,100.0942
2013-07-12,100.0942
2013-07-19,100.0942
2013-07-26,100.0942
2013-08-02,100.3726
2013-08-09,100.3726
2013-08-16,100.3726
2013-08-23,100.3726
2013-08-30,100.3726
2013-09-06,100.5062
2013-09-13,100.5062
2013-09-20,100.5062
2013-09-27,100.5062
2013-10-04,100.5452
2013-10-11,100.5452
2013-10-18,100.5452
2013-10-25,100.5452
2013-11-01,100.5154
2013-11-08,100.5154
2013-11-15,100.5154
2013-11-22,100.5154
2013-11-29,100.5154
2013-12-06,100.3794
2013-12-13,100.3794
2013-12-20,100.3794
2013-12-27,100.3794
2014-01-03,100.1990
2014-01-10,100.1990
2014-01-17,100.1990
2014-01-24,100.1990
2014-01-31,100.1990
2014-02-07,100.2495
2014-02-14,100.2495
2014-02-21,100.2495
2014-02-28,100.2495
2014-03-07,100.3578
2014-03-14,100.3578
2014-03-21,100.3578
2014-03-28,100.3578
2014-04-04,100.4506
2014-04-11,100.4506
2014-04-18,100.4506
2014-04-25,100.4506
2014-05-02,100.5118
2014-05-09,100.5118
2014-05-16,100.5118
2014-05-23,100.5118
2014-05-30,100.5118
2014-06-06,100.5569
2014-06-13,100.5569
2014-06-20,100.5569
2014-06-27,100.5569
2014-07-04,100.6601
2014-07-11,100.6601
2014-07-18,100.6601
2014-07-25,100.6601
2014-08-01,100.7984
2014-08-08,100.7984
2014-08-15,100.7984
2014-08-22,100.7984
2014-08-29,100.7984
2014-09-05,100.8146
2014-09-12,100.8146
2014-09-19,100.8146
2014-09-26,100.8146
2014-10-03,100.8334
2014-10-10,100.8334
2014-10-17,100.8334
2014-10-24,100.8334
2014-10-31,100.8334
2014-11-07,100.7355
2014-11-14,100.7355
2014-11-21,100.7355
2014-11-28,100.7355
2014-12-05,100.4709
2014-12-12,100.4709
2014-12-19,100.4709
2014-12-26,100.4709
2015-01-02,100.2009
2015-01-09,100.2009
2015-01-16,100.2009
2015-01-23,100.2009
2015-01-30,100.2009
2015-02-06,99.9876
2015-02-13,99.9876
2015-02-20,99.9876
2015-02-27,99.9876
2015-03-06,99.8414
2015-03-13,99.8414
2015-03-20,99.8414
2015-03-27,99.8414
2015-04-03,99.8016
2015-04-10,99.8016
2015-04-17,99.8016
2015-04-24,99.8016
2015-05-01,99.8618
2015-05-08,99.8618
2015-05-15,99.8618
2015-05-22,99.8618
2015-05-29,99.8618
2015-06-05,99.8534
2015-06-12,99.8534
2015-06-19,99.8534
2015-06-26,99.8534
2015-07-03,99.7189
2015-07-10,99.7189
2015-07-17,99.7189
2015-07-24,99.7189
2015-07-31,99.7189
2015-08-07,99.5194
2015-08-14,99.5194
2015-08-21,99.5194
2015-08-28,99.5194
2015-09-04,99.3037
2015-09-11,99.3037
2015-09-18,99.3037
2015-09-25,99.3037
2015-10-02,99.1083
2015-10-09,99.1083
2015-10-16,99.1083
2015-10-23,99.1083
2015-10-30,99.1083
2015-11-06,98.9515
2015-11-13,98.9515
2015-11-20,98.9515
2015-11-27,98.9515
2015-12-04,98.8961
2015-12-11,98.8961
2015-12-18,98.8961
2015-12-25,98.8961
2016-01-01,98.9842
2016-01-08,98.9842
2016-01-15,98.9842
2016-01-22,98.9842
2016-01-29,98.9842
2016-02-05,99.2045
2016-02-12,99.2045
2016-02-19,99.2045
2016-02-26,99.2045
2016-03-04,99.4484
2016-03-11,99.4484
2016-03-18,99.4484
2016-03-25,99.4484
2016-04-01,99.5774
2016-04-08,99.5774
2016-04-15,99.5774
2016-04-22,99.5774
2016-04-29,99.5774
2016-05-06,99.6891
2016-05-13,99.6891
2016-05-20,99.6891
2016-05-27,99.6891
2016-06-03,99.7663
2016-06-10,99.7663
2016-06-17,99.7663
2016-06-24,99.7663
2016-07-01,99.6764
2016-07-08,99.6764
2016-07-15,99.6764
2016-07-22,99.6764
2016-07-29,99.6764
2016-08-05,99.5149
2016-08-12,99.5149
2016-08-19,99.5149
2016-08-26,99.5149
2016-09-02,99.5626
2016-09-09,99.5626
2016-09-16,99.5626
2016-09-23,99.5626
2016-09-30,99.5626
2016-10-07,99.7381
2016-10-14,99.7381
2016-10-21,99.7381
2016-10-28,99.7381
2016-11-04,100.0150
2016-11-11,100.0150
2016-11-18,100.0150
2016-11-25,100.0150
2016-12-02,100.3356
2016-12-09,100.3356
2016-12-16,100.3356
2016-12-23,100.3356
2016-12-30,100.3356
2017-01-06,100.6217
2017-01-13,100.6217
2017-01-20,100.6217
2017-01-27,100.6217
2017-02-03,100.7861
2017-02-10,100.7861
2017-02-17,100.7861
2017-02-24,100.7861
2017-03-03,100.7350
2017-03-10,100.7350
2017-03-17,100.7350
2017-03-24,100.7350
2017-03-31,100.7350
2017-04-07,100.5796
2017-04-14,100.5796
2017-04-21,100.5796
2017-04-28,100.5796
2017-05-05,100.5768
2017-05-12,100.5768
2017-05-19,100.5768
2017-05-26,100.5768
2017-06-02,100.7531
2017-06-09,100.7531
2017-06-16,100.7531
2017-06-23,100.7531
2017-06-30,100.7531
2017-07-07,100.9291
2017-07-14,100.9291
2017-07-21,100.9291
2017-07-28,100.9291
2017-08-04,101.1861
2017-08-11,101.1861
2017-08-18,101.1861
2017-08-25,101.1861
2017-09-01,101.3573
2017-09-08,101.3573
2017-09-15,101.3573
2017-09-22,101.3573
2017-09-29,101.3573
2017-10-06,101.3252
2017-10-13,101.3252
2017-10-20,101.3252
2017-10-27,101.3252
2017-11-03,101.2930
2017-11-10,101.2930
2017-11-17,101.2930
2017-11-24,101.2930
2017-12-01,101.3516
2017-12-08,101.3516
2017-12-15,101.3516
2017-12-22,101.3516
2017-12-29,101.3516
2018-01-05,101.4013
2018-01-12,101.4013
2018-01-19,101.4013
2018-01-26,101.4013
2018-02-02,101.4252
2018-02-09,101.4252
2018-02-16,101.4252
2018-02-23,101.4252
2018-03-02,101.3066
2018-03-09,101.3066
2018-03-16,101.3066
2018-03-23,101.3066
2018-03-30,101.3066
2018-04-06,101.1819
2018-04-13,101.1819
2018-04-20,101.1819
2018-04-27,101.1819
2018-05-04,101.2266
2018-05-11,101.2266
2018-05-18,101.2266
2018-05-25,101.2266
2018-06-01,101.3374
2018-06-08,101.3374
2018-06-15,101.3374
2018-06-22,101.3374
2018-06-29,101.3374
2018-07-06,101.3969
2018-07-13,101.3969
2018-07-20,101.3969
2018-07-27,101.3969
2018-08-03,101.4961
2018-08-10,101.4961
2018-08-17,101.4961
2018-08-24,101.4961
2018-08-31,101.4961
2018-09-07,101.4086
2018-09-14,101.4086
2018-09-21,101.4086
2018-09-28,101.4086
2018-10-05,101.2012
2018-10-12,101.2012
2018-10-19,101.2012
2018-10-26,101.2012
2018-11-02,100.9887
2018-11-09,100.9887
2018-11-16,100.9887
2018-11-23,100.9887
2018-11-30,100.9887
2018-12-07,100.6761
2018-12-14,100.6761
2018-12-21,100.6761
2018-12-28,100.6761
2019-01-04,100.5258
2019-01-11,100.5258
2019-01-18,100.5258
2019-01-25,100.5258
2019-02-01,100.3620
2019-02-08,100.3620
2019-02-15,100.3620
2019-02-22,100.3620
2019-03-01,100.2309
2019-03-08,100.2309
2019-03-15,100.2309
2019-03-22,100.2309
2019-03-29,100.2309
2019-04-05,100.0109
2019-04-12,100.0109
2019-04-19,100.0109
2019-04-26,100.0109
2019-05-03,99.8087
2019-05-10,99.8087
2019-05-17,99.8087
2019-05-24,99.8087
2019-05-31,99.8087
2019-06-07,99.6265
2019-06-14,99.6265
2019-06-21,99.6265
2019-06-28,99.6265
2019-07-05,99.4084
2019-07-12,99.4084
2019-07-19,99.4084
2019-07-26,99.4084
2019-08-02,99.1341
2019-08-09,99.1341
2019-08-16,99.1341
2019-08-23,99.1341
2019-08-30,99.1341
2019-09-06,98.9264
2019-09-13,98.9264
2019-09-20,98.9264
2019-09-27,98.9264
2019-10-04,98.8601
2019-10-11,98.8601
2019-10-18,98.8601
2019-10-25,98.8601
2019-11-01,98.8818
2019-11-08,98.8818
2019-11-15,98.8818
2019-11-22,98.8818
2019-11-29,98.8818
2019-12-06,98.9869
2019-12-13,98.9869
2019-12-20,98.9869
2019-12-27,98.9869
2020-01-03,99.1539
2020-01-10,99.1539
2020-01-17,99.1539
2020-01-24,99.1539
2020-01-31,99.1539
2020-02-07,99.0393
2020-02-14,99.0393
2020-02-21,99.0393
2020-02-28,99.0393
2020-03-06,98.6312
2020-03-13,98.6312
2020-03-20,98.6312
2020-03-27,98.6312
2020-04-03,98.1855
2020-04-10,98.1855
2020-04-17,98.1855
2020-04-24,98.1855
2020-05-01,98.4136
2020-05-08,98.4136
2020-05-15,98.4136
2020-05-22,98.4136
2020-05-29,98.4136
2020-06-05,99.2437
2020-06-12,99.2437
2020-06-19,99.2437
2020-06-26,99.2437
2020-07-03,99.9476
2020-07-10,99.9476
2020-07-17,99.9476
2020-07-24,99.9476
2020-07-31,99.9476
2020-08-07,100.4147
2020-08-14,100.4147
2020-08-21,100.4147
2020-08-28,100.4147
2020-09-04,100.7143
2020-09-11,100.7143
2020-09-18,100.7143
2020-09-25,100.7143
2020-10-02,100.9829
2020-10-09,100.9829
2020-10-16,100.9829
2020-10-23,100.9829
2020-10-30,100.9829
2020-11-06,101.1468
2020-11-13,101.1468
2020-11-20,101.1468
2020-11-27,101.1468
2020-12-04,101.3619
2020-12-11,101.3619
2020-12-18,101.3619
2020-12-25,101.3619
2021-01-01,101.5407
2021-01-08,101.5407
2021-01-15,101.5407
2021-01-22,101.5407
2021-01-29,101.5407
2021-02-05,101.7788
2021-02-12,101.7788
2021-02-19,101.7788
2021-02-26,101.7788
2021-03-05,101.9768
2021-03-12,101.9768
2021-03-19,101.9768
2021-03-26,101.9768
2021-04-02,101.9350
2021-04-09,101.9350
2021-04-16,101.9350
2021-04-23,101.9350
2021-04-30,101.9350
2021-05-07,101.8528
2021-05-14,101.8528
2021-05-21,101.8528
2021-05-28,101.8528
2021-06-04,101.7171
2021-06-11,101.7171
2021-06-18,101.7171
2021-06-25,101.7171
2021-07-02,101.5841
2021-07-09,101.5841
2021-07-16,101.5841
2021-07-23,101.5841
2021-07-30,101.5841
2021-08-06,101.5373
2021-08-13,101.5373
2021-08-20,101.5373
2021-08-27,101.5373
2021-09-03,101.5773
2021-09-10,101.5773
2021-09-17,101.5773
2021-09-24,101.5773
2021-10-01,101.5794
2021-10-08,101.5794
2021-10-15,101.5794
2021-10-22,101.5794
2021-10-29,101.5794
2021-11-05,101.4980
2021-11-12,101.4980
2021-11-19,101.4980
2021-11-26,101.4980
2021-12-03,101.2974
2021-12-10,101.2974
2021-12-17,101.2974
2021-12-24,101.2974
2021-12-31,101.2974
2022-01-07,101.1222
2022-01-14,101.1222
2022-01-21,101.1222
2022-01-28,101.1222
2022-02-04,101.0105
2022-02-11,101.0105
2022-02-18,101.0105
2022-02-25,101.0105
2022-03-04,100.8473
2022-03-11,100.8473
2022-03-18,100.8473
2022-03-25,100.8473
2022-04-01,100.6536
2022-04-08,100.6536
2022-04-15,100.6536
2022-04-22,100.6536
2022-04-29,100.6536
2022-05-06,100.4397
2022-05-13,100.4397
2022-05-20,100.4397
2022-05-27,100.4397
2022-06-03,100.1548
2022-06-10,100.1548
2022-06-17,100.1548
2022-06-24,100.1548
2022-07-01,99.9454
2022-07-08,99.9454
2022-07-15,99.9454
2022-07-22,99.9454
2022-07-29,99.9454
2022-08-05,99.7755
2022-08-12,99.7755
2022-08-19,99.7755
2022-08-26,99.7755
2022-09-02,99.5473
2022-09-09,99.5473
2022-09-16,99.5473
2022-09-23,99.5473
2022-09-30,99.5473
2022-10-07,99.3156
2022-10-14,99.3156
2022-10-21,99.3156
2022-10-28,99.3156
2022-11-04,99.0952
2022-11-11,99.0952
2022-11-18,99.0952
2022-11-25,99.0952
2022-12-02,98.9148
2022-12-09,98.9148
2022-12-16,98.9148
2022-12-23,98.9148
2022-12-30,98.9148
2023-01-06,98.7724
2023-01-13,98.7724
2023-01-20,98.7724
2023-01-27,98.7724
2023-02-03,98.6821
2023-02-10,98.6821
2023-02-17,98.6821
2023-02-24,98.6821
2023-03-03,98.5953
2023-03-10,98.5953
2023-03-17,98.5953
2023-03-24,98.5953
2023-03-31,98.5953
2023-04-07,98.5573
2023-04-14,98.5573
2023-04-21,98.5573
2023-04-28,98.5573
2023-05-05,98.5284
2023-05-12,98.5284
2023-05-19,98.5284
2023-05-26,98.5284
2023-06-02,98.5325
2023-06-09,98.5325
2023-06-16,98.5325
2023-06-23,98.5325
2023-06-30,98.5325
2023-07-07,98.5976
2023-07-14,98.5976
2023-07-21,98.5976
2023-07-28,98.5976
2023-08-04,98.7070
2023-08-11,98.7070
2023-08-18,98.7070
2023-08-25,98.7070
2023-09-01,98.7569
2023-09-08,98.7569
2023-09-15,98.7569
2023-09-22,98.7569
2023-09-29,98.7569
2023-10-06,98.6900
2023-10-13,98.6900
2023-10-20,98.6900
2023-10-27,98.6900
2023-11-03,98.6678
2023-11-10,98.6678
2023-11-17,98.6678
2023-11-24,98.6678
2023-12-01,98.7607
2023-12-08,98.7607
2023-12-15,98.7607
2023-12-22,98.7607
2023-12-29,98.7607
2024-01-05,98.9699
2024-01-12,98.9699
2024-01-19,98.9699
2024-01-26,98.9699
2024-02-02,98.9699
2024-02-09,98.9699
2024-02-16,98.9699
2024-02-23,98.9699
2024-03-01,98.9699
2024-03-08,98.9699
2024-03-15,98.9699
2024-03-22,98.9699
2024-03-29,98.9699
2024-04-05,98.9699
2024-04-12,98.9699
2024-04-19,98.9699
2024-04-26,98.9699
2024-05-03,98.9699
2024-05-10,98.9699
2024-05-17,98.9699
2024-05-24,98.9699
2024-05-31,98.9699
2024-06-07,98.9699
2024-06-14,98.9699
2024-06-21,98.9699
2024-06-28,98.9699
2024-07-05,98.9699
2024-07-12,98.9699
2024-07-19,98.9699
2024-07-26,98.9699
2024-08-02,98.9699
2024-08-09,98.9699
2024-08-16,98.9699
2024-08-23,98.9699
2024-08-30,98.9699
2024-09-06,98.9699
2024-09-13,98.9699
2024-09-20,98.9699
2024-09-27,98.9699
2024-10-04,98.9699
2024-10-11,98.9699
2024-10-18,98.9699
2024-10-25,98.9699
2024-11-01,98.9699
2024-11-08,98.9699
2024-11-15,98.9699
2024-11-22,98.9699
2024-11-29,98.9699
2024-12-06,98.9699
2024-12-13,98.9699
2024-12-20,98.9699
2024-12-27,98.9699
2025-01-03,98.9699
2025-01-10,98.9699
2025-01-17,98.9699
2025-01-24,98.9699
2025-01-31,98.9699
2025-02-07,98.9699
2025-02-14,98.9699
2025-02-21,98.9699
2025-02-28,98.9699
2025-03-07,98.9699
2025-03-14,98.9699
2025-03-21,98.9699
2025-03-28,98.9699
2025-04-04,98.9699
2025-04-11,98.9699
2025-04-18,98.9699
2025-04-25,98.9699
2025-05-02,98.9699
2025-05-09,98.9699
2025-05-16,98.9699
2025-05-23,98.9699
2025-05-30,98.9699
2025-06-06,98.9699
2025-06-13,98.9699
2025-06-20,98.9699
2025-06-27,98.9699
2025-07-04,98.9699
2025-07-11,98.9699
2025-07-18,98.9699
2025-07-25,98.9699
2025-08-01,98.9699
2025-08-08,98.9699
2025-08-15,98.9699
2025-08-22,98.9699
2025-08-29,98.9699
2025-09-05,98.9699
2025-09-12,98.9699
2025-09-19,98.9699
2025-09-26,98.9699
2025-10-03,98.9699
2025-10-10,98.9699
2025-10-17,98.9699
2025-10-24,98.9699
2025-10-31,98.9699
2025-11-07,98.9699
2025-11-14,98.9699
2025-11-21,98.9699
2025-11-28,98.9699
2025-12-05,98.9699
2025-12-12,98.9699
2025-12-19,98.9699
2025-12-26,98.9699
2026-01-02,98.9699
2026-01-09,98.9699
2026-01-16,98.9699
2026-01-23,98.9699
2026-01-30,98.9699
2026-02-06,98.9699
2026-02-13,98.9699
2026-02-20,98.9699
2026-02-27,98.9699
2026-03-06,98.9699
2026-03-13,98.9699
2026-03-20,98.9699
2026-03-27,98.9699
2026-04-03,98.9699
2026-04-10,98.9699
2026-04-17,98.9699
2026-04-24,98.9699
