id,group,sub_group,concept,subcategory,category,last_date,raw,zscore,zscore_1w_ago,zscore_4w_ago,zscore_13w_ago,zscore_peak_abs_13w,zscore_trend,regime,fwd_regime,formula_note
US_G1,US,Equity,Equity,Sector Rotation,Growth / cyclicals vs defensives,2026-09-11,0.303625,0.1455,0.184,0.3291,0.339,0.7204,fading,neutral,stable,S&P 500 Consumer Discretionary / S&P 500 Consumer Staples
US_G2,US,Equity,Equity,Sector Rotation,Growth / broader cyclicals vs defensives,2026-09-11,0.601971,1.7047,1.7406,2.1735,1.5996,2.2788,fading,risk-on,stable,(S&P 500 Industrials + S&P 500 Financials) / (S&P 500 Utilities + S&P 500 Consumer Staples)
US_EQ_F3,US,Equity Factor,Equity,Size,Size cycle (Russell),2026-09-11,-0.36922,-0.0353,0.2899,0.6825,0.6638,1.3689,reversing,neutral,stable,Russell 2000 / Russell 1000
US_EQ_F1,US,Equity Factor,Equity,Style,Style / value vs growth,2026-09-11,0.737304,1.2082,1.1739,0.967,0.2976,1.3779,stable,value-regime,stable,Russell 1000 Value / Russell 1000 Growth
US_R1,US,Rates,Rates / Yields,Yield Curve,Yield-curve slope,2026-09-11,0.89,1.4925,1.4866,1.4796,1.4772,1.652,stable,early-cycle,stable,US 10-Year Treasury Yield - US 3-Month Treasury Yield
US_Cr2,US,Credit,Credit / Spreads,HY Spread,HY credit spread,2026-09-11,2.7,-0.9926,-1.0511,-1.1121,-1.1083,1.2488,fading,complacent,stable,yield(ICE BofA US High Yield Index) - US 10-Year Treasury Yield
GL_CA_I1,Global,Cross-Asset,Cross-Asset,Commodities vs Bonds,Commodities vs bonds,2026-09-11,0.403507,3.1058,2.7941,2.4559,2.3431,3.1058,intensifying,reflation,stable,Invesco DB Commodity Index Fund / ICE BofA US Treasury Index
US_V1,US,Volatility,Volatility,Term Structure,Vol term structure (equity),2026-09-11,4.700001,1.6143,2.4453,2.8153,0.6301,2.8153,fading,normal,improving,CBOE VIX3M - 3-Month VIX - CBOE VIX Volatility Index  (or ratio VIX3M / VIX)
US_V2,US,Volatility,Volatility,Cross-Asset Vol,Rates vs equity vol,2026-09-11,1.646739,-0.0859,-0.202,-0.3311,-1.1845,1.4173,fading,neutral,stable,MOVE Index - Bond Volatility / CBOE VIX Volatility Index
FX_CMD2,FX & Commodities,Cross-Asset,Cross-Asset,Dollar Backdrop,Dollar vs EM & commodities,2026-09-11,-0.379179,1.806,1.8909,1.8232,2.204,2.3278,stable,weak-USD,stable,iShares MSCI Emerging Markets ETF / DXY Dollar Index and Invesco DB Commodity Index Fund / DXY Dollar Index
FX_CMD1,FX & Commodities,Cross-Asset,Cross-Asset,Commodity Ratio,Copper vs gold,2026-09-11,-6.51455,-0.2505,-0.2293,-0.1899,-0.1927,0.519,stable,neutral,stable,Copper / Gold
M1,US,Momentum,Momentum,Equity Trend,Momentum – US equities trend,2026-09-11,0.068288,-0.0356,0.2095,0.6452,0.1813,0.6511,reversing,risk-on,stable,Compare S&P 500 level to its N-month SMA (e.g. 10-month or 200-day)
M2,US,Momentum,Momentum,Multi-Asset Trend,Momentum – multi-asset trend,2026-09-11,0.8,-0.1468,-0.1401,-0.1205,0.8445,0.8335,stable,risk-on,stable,"Apply same SMA filter separately to S&P 500, iShares MSCI World ETF, ICE BofA US Treasury Index, S&P 500 Equity Real Estate Investment Trusts, Invesco DB Commodity Index Fund"
M3,US,Momentum,Momentum,Dual Momentum,Momentum – dual momentum equity/bond,2026-09-11,0.158794,-0.2913,0.0717,0.1655,0.6286,0.8333,stable,equity-regime,stable,"Use 12-month total returns of S&P 500 and iShares MSCI World ETF vs cash (US 3-Month Treasury Yield as proxy), with bond sleeve via iShares Core Global Aggregate Bond UCITS ETF or ICE BofA US Treasury Index"
M4,US,Momentum,Momentum,Credit Trend,Momentum – US high yield vs Treasuries,2026-09-11,0.009161,-1.3636,-0.9897,-0.8103,-0.9285,1.3636,intensifying,carry,stable,"log(ICE BofA US HY Total Return Index (BAMLHYH0A0HYM2TRIV) / its 40-week SMA (~200-day equivalent, on weekly data). Spread override: if HY OAS (BAMLH0A0HYM2) > 600 bps, indicator forced to -1 (stress) regardless of trend."
M5,US,Momentum,Momentum,Vol-Filtered,Momentum – vol-filtered equity exposure,2026-09-11,-0.12679,-0.9296,-0.8379,-0.4711,0.7294,0.9296,intensifying,equity-friendly,stable,13-week SMA vs 52-week SMA of CBOE VIX Volatility Index (on weekly data; ~3-month vs 12-month). log(VIX_13w / VIX_52w): negative = vol trending below annual average = equity-friendly.
EU_G3,Europe,Equity,Equity,Sector Rotation,Growth / cyclicals vs defensives (Europe),2026-09-11,0.764192,1.4712,1.5997,1.6696,1.3604,1.6696,fading,pro-growth-EU,stable,(STOXX Europe 600 Industrials + STOXX Europe 600 Banks + STOXX Europe 600 Technology) / (STOXX Europe 600 Utilities + STOXX Europe 600 Consumer Staples)
UK_G1,UK,Equity,Equity,Domestic vs Global,UK domestic vs global,2026-09-11,0.811443,-1.0494,-0.9046,-0.573,-1.4611,1.6353,stable,global-preferred,stable,FTSE 250 / FTSE 100
EU_G2,Europe,Equity,Equity,Regional Leadership,Eurozone vs US leadership,2026-09-11,-2.394747,-0.1335,-0.0267,0.2004,-0.0916,0.3797,fading,neutral,stable,Euro Stoxx 50 / S&P 500
EU_Cr1,Europe,Credit,Credit / Spreads,IG Spread,IG Spread - EUR,,,,,,,,,Insufficient Data,n/a,yield(ICE BofA Euro Corporate Bond Index) - yield(ICE BofA Euro Government Bond Index)
EU_Cr2,Europe,Credit,Credit / Spreads,HY Spread,HY Spread - EUR,2026-09-11,2.68,-1.008,-1.0559,-1.2997,-1.2383,1.3766,fading,EU-HY-easy,stable,Option-adjusted spread on EUR-denominated BB-and-below corporate bonds (ICE BofA Euro High Yield OAS — FRED BAMLHE00EHYIOAS)
UK_R2,UK,Rates,Inflation,Breakevens,Breakeven - Proxy (return) - GBP,2026-09-11,0.125768,-0.7397,-0.8038,-0.9709,-0.9223,1.1561,fading,neutral,stable,log(iShares UK Inflation-Linked Gilt ETF (INXG.L) / iShares UK Gilt ETF (IGLT.L))
UK_Cr1,UK,Credit,Credit / Spreads,IG Spread,UK credit conditions,2026-09-11,-2.078819,1.5844,1.516,1.6111,1.5028,1.6219,stable,credit-appetite,stable,iShares Core GBP Corporate Bond UCITS ETF / ICE BofA UK Gilt Index
EU_G4,Europe,Equity,Equity,Regional Leadership,EUR vs European cyclicals,2026-09-11,0.214721,-0.7106,-0.3313,-0.1977,-1.0923,1.5633,stable,neutral,stable,Composite of EUR/USD and STOXX Europe 600 Industrials / STOXX Europe 600 Utilities
AS_CN_G3,Asia,Equity Factor,Equity,Size,China size / domestic cycle,2026-09-11,-0.024954,0.7929,0.5808,0.9769,1.1446,2.2194,fading,neutral,stable,CSI 500 / CSI 300
AS_CN_G2,Asia,Equity,Equity,Regional Leadership,China vs global DM,2026-09-11,0.98136,2.4769,2.1513,1.8878,1.9754,2.4769,intensifying,China-outperform,stable,Shanghai Composite / MSCI World proxy via iShares MSCI World ETF
AS_IN_G1,Asia,Equity Factor,Equity,Size,India domestic growth breadth,2026-09-11,2.929632,-1.8338,-1.8379,-1.9701,-1.1394,1.9701,stable,large-cap-safety,stable,Nifty Midcap 150 / Nifty 50 and Nifty Smallcap 250 / Nifty 50
AS_CN_R1,Asia,Rates,Rates / Yields,Cross-Country Spread,China rates vs US,,,,,,,,,Insufficient Data,n/a,"China 10Y Govt Bond Yield (IRLTLT01CNM156N, FRED) minus US 10Y Treasury Yield (DGS10, FRED)"
AS_IN_R1,Asia,Rates,Rates / Yields,Cross-Country Spread,India rates vs US,2026-09-11,1.83,-1.9084,-1.4726,-1.2528,-0.1445,1.9084,intensifying,India-underperform,deteriorating,"India 10Y Govt Bond Yield (IRLTLT01INM156N, FRED) minus US 10Y Treasury Yield (DGS10, FRED)"
FX_CN1,FX & Commodities,FX,FX,Currency Direction,CNY directional momentum,2026-09-11,-0.01232,-0.5958,-0.5254,-0.4921,-0.9212,0.8831,stable,neutral,stable,log(CNY=X / 26-week SMA of CNY=X). CNY=X = USD per CNY (higher = CNY stronger).
FX_1,FX & Commodities,FX,FX,Currency Direction,INR directional momentum,2026-09-11,0.007484,-0.3385,-1.279,-0.082,1.8721,1.6967,stable,neutral,deteriorating,log(INR=X / 26-week SMA of INR=X). INR=X = USD per INR (higher = INR stronger).
US_Cr1,US,Credit,Credit / Spreads,IG Spread,IG Spread,2026-09-11,0.8,-0.7036,-0.6393,-0.7359,-1.1917,1.1877,stable,normal,stable,yield(ICE BofA US Corporate Index) - US 10-Year Treasury Yield
US_Cr3,US,Credit,Credit / Spreads,HY-IG Spread,HY/IG Spread,2026-09-11,1.9,-1.0909,-1.2049,-1.2537,-1.0242,1.4201,fading,complacent,stable,yield(ICE BofA US High Yield Index) - yield(ICE BofA US Corporate Index)
US_R2,US,Rates,Rates / Yields,Yield Curve,Yield-curve slope,2026-09-11,0.33,0.3686,0.5811,0.8519,0.6431,0.8519,fading,normal,stable,US 10-Year Treasury Yield - US 2-Year Treasury Yield
US_R5,US,Rates,Rates / Yields,Real Rates,Real rates,2026-09-11,2.55,2.6316,2.1191,2.1565,1.1429,2.6316,intensifying,high-real-rates,stable,yield(ICE BofA US Inflation-Linked Treasury Index (TIPS))
US_R4,US,Rates,Inflation,Breakevens,Inflation Breakeven,2026-09-11,2.36,0.6444,0.5259,-0.4246,0.0146,1.3031,stable,neutral,improving,US 10-Year Treasury Yield - yield(ICE BofA US Inflation-Linked Treasury Index (TIPS))
UK_R1,UK,Rates,Rates / Yields,Cross-Country Spread,GB10Y vs DM10Y,2026-09-11,1.196,-1.6559,-1.2503,-0.5073,0.3162,1.6559,intensifying,EU-stress,deteriorating,UK 10-Year Gilt Yield - Germany 10-Year Bund Yield
FX_CMD5,FX & Commodities,Growth,Growth,China Activity,Growth / China infrastructure,2026-09-11,101.59565,-0.7238,-0.7339,-0.7609,-0.6105,0.8077,stable,neutral,stable,Iron Ore (World Bank Price Index) / Copper
FX_CMD4,FX & Commodities,Growth,Growth,China Activity,Growth / China vs global commodities,2026-09-11,-6.51455,-0.2505,-0.2293,-0.1899,-0.1927,0.519,stable,neutral,stable,Iron Ore (World Bank Price Index) / Invesco DB Commodity Index Fund
US_JOBS1,US,Macro,Labour,Initial Claims,Labour market / Leading,2026-09-11,-13.897597,-2.3919,-1.729,-1.7642,-1.4875,2.3919,intensifying,overheating,stable,Initial Jobless Claims 4-Week Avg (IC4WSA) – YoY % change and z-score
US_JOBS3,US,Macro,Labour,Composite,Labour market composite,2026-09-11,0.58065,2.4556,2.0299,2.1011,1.2906,2.4556,intensifying,strong-labour,stable,"Equal-weighted composite of z-scores of inverted unemployment rate (USA_UNEMPLOYMENT), payroll growth (PAYEMS YoY) and inverted IC4WSA"
US_G6,US,Macro,Growth,Real Activity,Real activity / Growth,2026-09-11,0.714269,0.5773,0.5945,0.6889,1.8931,1.8252,fading,neutral,stable,Composite of z-scores of 12-month change in Industrial Production (INDPRO) and Retail Sales ex-Autos (RSXFS)
US_HOUS1,US,Macro,Housing,Permits,Housing / Construction,2026-09-11,-0.761773,0.179,0.1826,1.7093,0.1107,1.7475,fading,neutral,stable [leading],Building Permits (PERMIT) – 12-month % change and z-score
US_M2,US,Macro,Money / Liquidity,M2,Liquidity,2026-09-11,4.698301,0.83,0.8369,1.0089,1.1802,1.1731,fading,neutral,stable,M2 Money Supply (M2SL) – YoY % change and z-score
GL_CLI1,Global,CLI,Leading Indicators,Regional Differential,Regional growth diff (US v EU),2026-09-11,0.2058,0.7497,0.7589,0.8519,0.7174,0.874,fading,neutral,stable [leading],"USA_CLI minus avg(DEU_CLI, FRA_CLI). EA19 composite not available in OECD pull; DEU+FRA equal-weight average used as Eurozone proxy."
GL_CLI2,Global,CLI,Leading Indicators,Regional Differential,Regional growth diff (US v CHN),2026-09-11,2.85172,2.1279,2.1657,2.153,2.228,2.2571,stable,US-leads-China,stable [leading],USA_CLI minus CHN_CLI.
EU_CLI1,Europe,CLI,Leading Indicators,Regional Composite,Europe block CLI state,2026-09-11,100.8704,1.6196,1.639,1.4581,1.305,1.639,stable,EU-above-trend,stable [leading],"Equal-weight average of DEU_CLI, FRA_CLI, GBR_CLI (ITA excluded — not consistently available in OECD pull)."
AS_CLI1,Asia,CLI,Leading Indicators,Regional Composite,Asia (China-centred) CLI state,2026-09-11,99.483127,-2.9876,-3.0825,-3.0374,-3.147,3.3013,stable,Asia-below-trend,stable [leading],"Equal-weight average of CHN_CLI, JPN_CLI, AUS_CLI."
GL_CLI5,Global,CLI,Leading Indicators,Breadth,Global growth breadth,2026-09-11,0.555556,1.0503,1.0638,1.1052,0.7495,1.1195,stable,mixed,stable [leading],"Fraction of 9 countries (USA, DEU, FRA, GBR, ITA, JPN, CHN, AUS, CAN) where CLI > 100 AND CLI > CLI_26W_ago (above trend and improving simultaneously). Raw value = 0.0 to 1.0."
US_CLI1,US,CLI,Leading Indicators,Single Country,US CLI state,2026-09-11,100.9563,2.2343,2.2778,2.2933,2.3462,2.4013,stable,US-above-trend,stable [leading],USA_CLI (OECD amplitude-adjusted composite leading indicator).
CA_CLI1,Global,CLI,Leading Indicators,Single Country,Canada CLI state,2026-09-11,101.9858,1.9582,1.9935,2.0022,2.1153,2.125,stable,Canada-above-trend,stable [leading],CAN_CLI (OECD amplitude-adjusted composite leading indicator).
DE_CLI1,Europe,CLI,Leading Indicators,Single Country,Germany CLI state,2026-09-11,100.9946,1.5871,1.6082,1.4839,1.4244,1.6082,stable,Germany-above-trend,stable [leading],DEU_CLI (OECD amplitude-adjusted composite leading indicator).
FR_CLI1,Europe,CLI,Leading Indicators,Single Country,France CLI state,2026-09-11,100.5064,1.4981,1.5208,1.5267,1.6815,1.6539,stable,France-above-trend,stable [leading],FRA_CLI (OECD amplitude-adjusted composite leading indicator).
UK_CLI1,UK,CLI,Leading Indicators,Single Country,UK CLI state,2026-09-11,101.1102,1.2471,1.2483,0.8814,0.5211,1.2483,stable,UK-above-trend,stable [leading],GBR_CLI (OECD amplitude-adjusted composite leading indicator).
IT_CLI1,Europe,CLI,Leading Indicators,Single Country,Italy CLI state,2026-09-11,100.2755,0.851,0.8621,0.8178,0.924,0.9124,stable,near-trend,stable [leading],ITA_CLI (OECD amplitude-adjusted composite leading indicator).
JP_CLI1,Japan,CLI,Leading Indicators,Single Country,Japan CLI state,2026-09-11,100.3034,1.9746,2.0115,2.0838,2.1567,2.2349,stable,Japan-above-trend,stable [leading],JPN_CLI (OECD amplitude-adjusted composite leading indicator).
CN_CLI1,Asia,CLI,Leading Indicators,Single Country,China CLI state,2026-09-11,98.10458,-2.0264,-2.0603,-2.0327,-2.0985,2.1234,stable,China-below-trend,stable [leading],CHN_CLI (OECD amplitude-adjusted composite leading indicator).
AU_CLI1,Asia,CLI,Leading Indicators,Single Country,Australia CLI state,2026-09-11,100.0414,0.4877,0.4975,0.5532,0.8079,0.7974,fading,near-trend,stable [leading],AUS_CLI (OECD amplitude-adjusted composite leading indicator).
US_G3,US,Equity,Equity,Sector Rotation,Growth / banks vs utilities,2026-09-11,2.773399,2.4131,2.3128,2.3018,1.5001,2.4131,intensifying,risk-on,stable,S&P 500 Banks (^SP500-4010) / S&P 500 Utilities
US_EQ_F4,US,Equity Factor,Equity,Size,Size cycle (S&P),2026-09-11,-0.972901,-0.1443,0.1941,0.6065,0.5557,1.3089,reversing,neutral,stable,Russell 2000 / S&P 500
US_EQ_F2,US,Equity Factor,Equity,Style,Style / value vs growth (S&P 500),2026-09-11,0.524245,-1.1847,-1.226,-1.3174,-1.3803,1.6568,fading,growth-regime,stable,S&P 500 Value ETF (IVE) / S&P 500 Growth ETF (IVW)
US_R3,US,Rates,Rates / Yields,Yield Curve,Yield-curve slope (market return),2026-09-11,0.415,0.5939,0.6006,0.9004,0.666,0.9004,fading,normal,stable,US 10-Year Treasury Yield (^TNX yfinance) minus US 2-Year Treasury Yield (DGS2 FRED)
US_CA_G1,US,Cross-Asset,Cross-Asset,Risk-On/Off,Risk-on vs risk-off,2026-09-11,3.54111,1.8361,1.8476,1.976,1.7956,1.976,stable,risk-on,stable,S&P 500 ETF (SPY) / ICE BofA US Treasury Index (GOVT)
US_Cr4,US,Credit,Credit / Spreads,HY vs Treasuries,HY vs treasuries (credit risk),2026-09-11,-3.168797,1.7707,1.672,1.7568,1.4832,1.7707,intensifying,credit-appetite,stable,iShares USD High Yield Corp Bond UCITS ETF (IHYU.L) / ICE BofA US Treasury Index (GOVT)
US_G5,US,Equity,Equity,Sector Rotation,Growth / technology leadership,2026-09-11,-0.066833,1.5141,1.4756,1.7974,3.341,3.7161,fading,tech-led,stable,Invesco QQQ Trust (QQQ) / SPDR S&P 500 ETF (SPY)
US_G4,US,Equity,Equity,Breadth,Growth / market breadth,2026-09-11,-1.268914,-1.3215,-1.0992,-0.9401,-1.1631,1.4678,stable,narrow-concentrated,stable,S&P 500 Equal-Weight ETF (RSP) / SPDR S&P 500 ETF (SPY)
US_ISM1,US,Survey,Sentiment / Survey,PMI,Leading / ISM Manufacturing New Orders,2026-09-11,53.7,1.0622,1.0759,2.0003,2.4128,2.3717,fading,expansion,stable [leading],ISM Manufacturing New Orders Index (NAPMOI via FRED monthly)
US_R6,US,Rates,Housing,Mortgage Spread,Rates / mortgage affordability,2026-09-11,1.81,-1.7405,-1.3728,-1.2216,-1.2029,1.7405,intensifying,housing-easy,stable,30-Year Fixed Mortgage Rate (MORTGAGE30US FRED) minus 10-Year Treasury Yield (DGS10 FRED)
US_JOBS2,US,Macro,Labour,Tightness,Labour market / JOLTS tightness,2026-09-11,1.034135,-0.2741,-0.2869,-0.3232,-0.5407,0.5314,fading,neutral,stable [leading],JOLTS Job Openings (JTSJOL FRED) / Unemployed Persons (UNEMPLOY FRED)
EU_R1,Europe,Rates,Rates / Yields,Cross-Country Spread,BTP-Bund,2026-09-11,0.386,-1.7562,-1.4308,-0.8536,-1.1657,1.7562,intensifying,compressed,stable,Italy 10-Year Govt Bond Yield (IRLTLT01ITM156N FRED) minus Germany 10-Year Bund Yield (IRLTLT01DEM156N FRED)
EU_G1,Europe,Equity,Equity,Regional Leadership,Eurozone vs global equities,2026-09-11,-1.093138,0.0986,0.139,0.4575,0.462,0.5595,fading,neutral,stable,iShares MSCI Eurozone ETF (EZU) / iShares MSCI World ETF (URTH)
JP_G1,Japan,Equity,Equity,Regional Leadership,Japan vs global equities,2026-09-11,-0.745381,1.2587,0.9665,0.7896,0.4529,1.2587,intensifying,japan-outperform,improving,iShares MSCI Japan ETF (EWJ) / iShares MSCI World ETF (URTH)
FX_2,FX & Commodities,FX,FX,Carry,JPY carry trade signal,2026-09-11,-0.036147,-1.1757,-0.7038,0.3588,0.0331,1.1757,intensifying,carry-unwind,stable [leading],USD/JPY (USDJPY=X) 26-week log momentum
AS_CN_G1,Asia,Equity,Equity,Regional Leadership,China vs broad EM divergence,2026-09-11,-0.676482,-1.9186,-1.7545,-1.8204,-2.3275,3.071,stable,China-underperform-EM,stable,iShares China Large-Cap ETF (FXI) / iShares MSCI EM ETF (EEM) in USD
GL_G2,Global,Cross-Asset,Cross-Asset,Risk-On/Off,Global multi-asset risk appetite,2026-09-11,1.978898,1.9271,1.963,2.0675,1.9753,2.0675,stable,risk-on,stable,iShares MSCI ACWI ETF (ACWI) / ICE BofA US Treasury Index (GOVT)
GL_G1,Global,Cross-Asset,Equity,Regional Leadership,EM vs DM equity relative cycle,2026-09-11,-1.118895,1.7337,1.7939,1.2241,2.4519,3.0373,stable,em-outperform,stable,iShares MSCI Emerging Markets ETF (EEM) / iShares MSCI World ETF (URTH) in USD
FX_CMD6,FX & Commodities,Momentum,Momentum,Commodity Trend,Global commodity cycle momentum,2026-09-11,0.42762,2.6313,2.5276,2.3332,1.9126,2.6313,intensifying,commodity-bull,stable,Invesco DB Commodity Index Tracking Fund (DBC) 52-week log return
FX_CMD3,FX & Commodities,Inflation,Cross-Asset,Commodity Ratio,Oil vs gold inflation regime,2026-09-11,-3.775978,-0.1193,-0.4231,-0.7131,-0.6272,1.0872,fading,neutral,stable,WTI Crude Oil (CL=F) / Gold (GC=F) log-ratio
FX_EM1,FX & Commodities,FX,FX,EMFX Basket,EMFX basket momentum vs USD,2026-09-11,0.023964,1.7736,1.9112,0.8993,-0.3796,1.9112,stable,EMFX-strengthening,improving,"Equal-weight basket of CNY, INR, KRW, TWD vs USD (each FX=X quote inverted so rising basket = EM currencies strengthening). Raw = log(basket / 26-week SMA)."
US_PMI1,US,Survey,Sentiment / Survey,PMI,ISM Manufacturing PMI,2026-09-11,54.6,2.2457,2.2987,2.9852,2.8875,3.1997,fading,expansion,stable [leading],ISM Manufacturing PMI (DB.nomics ISM/pmi)
US_SVC1,US,Survey,Sentiment / Survey,PMI,ISM Services PMI,2026-09-11,55.4,1.6102,1.6248,0.887,1.1783,1.6248,stable,expansion,stable [leading],ISM Services PMI (DB.nomics ISM/nm-pmi)
EU_PMI1,Europe,Survey,Sentiment / Survey,PMI,Eurozone Manufacturing PMI proxy,2026-09-11,-5.3,2.2336,2.2806,2.4444,1.4096,2.5104,stable,contraction,stable [leading],EC Industry Confidence (DB.nomics Eurostat ei_bssi_m_r2) — same 3 PMI questions
EU_PMI2,Europe,Survey,Sentiment / Survey,PMI,Eurozone Services PMI proxy,2026-09-11,5.8,0.4327,0.4371,0.4496,-0.5314,0.5248,stable,contraction,stable [leading],EC Services Confidence (DB.nomics Eurostat ei_bssi_m_r2)
EU_ESI1,Europe,Survey,Sentiment / Survey,Composite Sentiment,EC Economic Sentiment Indicator (EA),2026-09-11,98.4,1.8421,1.8679,1.9553,-0.1514,1.9891,stable,above-avg-sentiment,stable [leading],EC Economic Sentiment Indicator for EA (DB.nomics Eurostat)
DE_ZEW1,Europe,Survey,Sentiment / Survey,Business Sentiment,ZEW Economic Sentiment,,,,,,,,,Insufficient Data,n/a,PROPRIETARY — ZEW Mannheim licences historical archive. No free API.
DE_IFO1,Europe,Survey,Sentiment / Survey,Business Sentiment,IFO Business Climate,2026-09-11,90.4,2.3467,2.4065,1.2017,-0.4807,2.4065,stable,above-avg-climate,improving [leading],IFO Business Climate Index (ifo Institute Excel)
UK_PMI1,Europe,Survey,Sentiment / Survey,PMI,UK Manufacturing PMI proxy,2026-09-11,-22.521037,-1.7243,-1.7543,-1.8508,-2.1189,2.0745,stable,contraction,stable [leading],OECD Business Confidence for UK (FRED BSCICP02GBM460S) — CBI-survey-derived monthly
JP_PMI1,Japan,Survey,Sentiment / Survey,PMI,Japan Manufacturing PMI,,,,,,,,,Insufficient Data,n/a,PROPRIETARY — S&P Global / au Jibun Bank. BoJ Tankan (quarterly) is best free alternative.
CN_PMI1,Asia,Survey,Sentiment / Survey,PMI,China Manufacturing PMI proxy,2026-09-11,0.0,0.6114,0.6077,0.6047,0.672,0.6621,stable,contraction,stable [leading],OECD Business Confidence for China (FRED CHNBSCICP02STSAM) — NBS PMI-derived monthly
CN_PMI2,Asia,Survey,Sentiment / Survey,PMI,Caixin China Manufacturing PMI,,,,,,,,,Insufficient Data,n/a,PROPRIETARY — S&P Global / Caixin. Chinese manufacturing covered by CN_PMI1 (OECD BCI).
GL_PMI1,Global,Survey,Sentiment / Survey,PMI,Global Manufacturing Survey Composite,2026-09-11,0.841583,1.5054,1.5517,1.9064,1.6681,1.9907,fading,global-contraction,stable [leading],Z-score-normalised average: US ISM + EZ ICI + UK OECD BCI + CN OECD BCI
GLOBAL_GOLD1,Global,Cross-Asset,Cross-Asset,Precious Metals,LBMA Gold Price (PM Fix),2026-09-11,4386.25,1.2074,1.2526,1.282,1.1955,1.4594,stable,safe-haven-bid,stable,GOLD_USD_PM (data/macro_library_lbma.csv gold_pm via sources/lbma.py)
US_INFL1,US,Inflation,Inflation,Inflation,Inflation Regime (Headline CPI + Core PCE + 5y5y Fwd),2026-09-11,2.762174,0.0942,0.093,0.718,0.8992,0.9113,fading,above-target,stable,"mean of US headline CPI YoY (USA_CPI), Core PCE YoY (PCEPILFE), and 5y5y forward breakeven (T5YIFR)"
UK_INFL1,UK,Inflation,Inflation,Inflation,Inflation Regime (Headline CPI + Core CPI blend),2026-09-11,2.75,-0.8371,-0.8244,-0.8061,-0.9367,0.9452,stable,above-target,stable,mean of UK headline CPI YoY (GBR_CPI) and core CPI YoY (GBR_CORE_CPI_YOY — ONS DKO8 excluding energy/food/alcohol/tobacco)
EU_INFL1,Eurozone,Inflation,Inflation,Inflation,Inflation Regime (Headline HICP + Core HICP blend),2026-09-11,2.85,0.7356,0.6678,0.481,-0.1855,0.7356,intensifying,above-target,stable,mean of Euro-area headline HICP YoY (EA_HICP) and core HICP YoY (EA_HICP_CORE_YOY — Eurostat prc_hicp_manr TOT_X_NRG_FOOD overall index excluding energy/food/alcohol/tobacco)
JP_INFL1,Japan,Inflation,Inflation,Inflation,Inflation Regime (Headline CPI + Core CPI blend),2026-09-11,1.267107,-1.8706,-1.8998,-1.9949,-2.3709,2.3202,stable,below-target,stable,mean of Japan headline CPI YoY (JPN_CPI_YOY — OECD COICOP2018 national all-items CPI YoY %) and core CPI YoY (JPN_CORE_CPI_YOY — OECD COICOP2018 national CPI ex food & energy YoY %)
CN_INFL1,Asia,Inflation,Inflation,Inflation,Inflation Regime (Headline CPI + PPI — no CN core in hist yet),2026-09-11,0.500008,0.455,0.4612,0.4788,1.5412,1.518,stable,stable,stable,"mean of China headline CPI YoY (CHN_CPI_INDEX, index converted to YoY) and PPI YoY (CHN_PPI)"
US_INFEXP1,US,Inflation,Inflation,Breakevens,Inflation Expectations,2026-09-11,0.468819,1.0092,0.9352,0.058,0.4464,1.0092,intensifying,anchored,improving [leading],"z-score-normalised average of 5y breakeven (T5YIE), 10y breakeven (T10YIE), 5y5y forward (T5YIFR), and Michigan 1y expectations (MICH)"
EU_NOWCAST1,Eurozone,Growth,Growth,Nowcast,Eurozone Real-Time Growth Nowcast,2026-09-11,1.47569,1.9149,1.9758,2.1875,1.5939,2.271,fading,expansion,stable [leading],"z-score-normalised average of Eurozone industrial production (EZ_IND_PROD), retail sales volume (EZ_RETAIL_VOL), EC Economic Sentiment Indicator (EU_ESI), and EC Industrial Confidence Indicator (EU_IND_CONF)"
US_GDPNOW1,US,Growth,Growth,Nowcast,Growth Nowcast (Atlanta Fed GDPNow),2026-09-11,4.41636,1.1149,1.2121,0.9985,0.1969,1.3986,stable,above-trend,improving [leading],"weekly-Friday resample of the Atlanta Fed GDPNow headline US real GDP nowcast (US_GDPNOW — Q/Q SAAR %), forward-filled across the quiet windows between vintage updates"
US_NOWCAST1,US,Growth,Growth,Nowcast,Growth Nowcast (NY Fed Staff Nowcast),2026-09-11,2.51,0.3558,0.3593,-0.8388,0.2853,0.8388,reversing,above-trend,stable [leading],"weekly-Friday resample of the New York Fed Staff Nowcast headline US real GDP nowcast (US_NYFED_NOWCAST — Q/Q SAAR %), forward-filled across the quiet windows between vintage updates"
JP_TANKAN_SPREAD1,Japan,Survey,Sentiment / Survey,Tankan Spread,Tankan Spread (Large Mfg minus Small Mfg),2026-09-11,13.0,0.805,0.8137,0.8404,0.9254,0.9156,stable,neutral,stable [leading],"JP_TANKAN1 - JP_TANKAN_SMFG (quarterly Tankan Large-Mfg minus Small-Mfg Business Conditions DI, resampled weekly-Friday with quarterly forward-fill)"
JP_TANKAN_SVC1,Japan,Survey,Sentiment / Survey,Tankan Spread,Tankan Spread (Non-Mfg minus Mfg),2026-09-11,15.0,-1.6705,-1.6949,-1.7725,-2.0594,2.0224,stable,mfg-led,stable [leading],"JP_TANKAN_LNFG - JP_TANKAN1 (quarterly Tankan Large Non-Mfg minus Large Mfg Business Conditions DI, resampled weekly-Friday with quarterly forward-fill)"
JP_TANKAN_FWD1,Japan,Survey,Sentiment / Survey,Tankan Forecast,Tankan Forecast (Large Mfg Fcst minus Actual),2026-09-11,-5.0,-1.2996,-1.3159,-1.3671,-1.5431,1.5215,stable,deteriorating,stable [leading],"JP_TANKAN_LMFG_FCST - JP_TANKAN1 (quarterly Tankan Large Mfg Forecast DI minus Actual DI, resampled weekly-Friday with quarterly forward-fill)"
UK_NOWCAST1,UK,Growth,Growth,Nowcast,Growth Nowcast,2026-09-11,1.764706,1.4253,1.4453,1.5063,0.4088,1.547,stable,near-trend,stable [leading],weekly-Friday resample of ONS monthly real GDP (GBR_GDP_MONTHLY) converted to YoY %
JP_NOWCAST1,Japan,Growth,Growth,Nowcast,Japan Real-Time Growth Nowcast,2026-09-11,1.7348,1.343,1.3949,1.5667,1.4441,2.0161,fading,expansion,stable [leading],"z-score-normalised average of Japan industrial production (JPN_IND_PROD), Tankan Large-Mfg Business Conditions DI (JP_TANKAN1), retail sales (JPN_RETAIL_SALES), and machinery orders (JPN_MACH_ORDERS)"
US_ISM2,US,Survey,Sentiment / Survey,PMI,Leading / ISM New Orders minus Inventories,2026-09-11,3.1,0.1925,0.1931,0.843,1.3028,1.2869,fading,orders-outpacing,stable [leading],"ISM Manufacturing New Orders (ISM_MFG_NEWORD) minus Inventories (ISM_MFG_INVENTORIES), diffusion-index spread"
UK_TAYLOR1,UK,Monetary Policy,Monetary Policy,Taylor Rule,Taylor Rule Gap (policy rate − Taylor-implied rate),2026-09-11,-0.812664,-0.8312,-0.8012,-0.7246,0.0353,0.8312,intensifying,n/a,stable,"GBR_BANK_RATE − (0.5 + GBR_CPI_YOY + 0.5*(GBR_CPI_YOY − 2) + 0.5*z(UK_NOWCAST1)); r*=0.5, target=2%"
EU_TAYLOR1,Eurozone,Monetary Policy,Monetary Policy,Taylor Rule,Taylor Rule Gap (policy rate − Taylor-implied rate),2026-09-11,-2.657445,-1.8069,-1.8545,-2.0046,-1.4487,2.0526,stable,n/a,stable,"EA_DEPOSIT_RATE − (0.0 + EA_HICP + 0.5*(EA_HICP − 2) + 0.5*z(EU_NOWCAST1)); r*=0.0, target=2%"
JP_TAYLOR1,Japan,Monetary Policy,Monetary Policy,Taylor Rule,Taylor Rule Gap (policy rate − Taylor-implied rate),2026-09-11,-0.794501,1.6875,1.6937,1.7053,1.8118,2.0341,stable,n/a,stable,"JPN_POLICY_RATE − (0.0 + JPN_CPI_YOY + 0.5*(JPN_CPI_YOY − 2) + 0.5*z(JP_NOWCAST1)); r*=0.0, target=2%"
CN_TAYLOR1,Asia,Monetary Policy,Monetary Policy,Taylor Rule,Taylor Rule Gap (policy rate − Taylor-implied rate),2026-02-20,-0.597872,-3.2061,-3.3325,-0.7554,-1.5693,3.4707,stable,n/a,deteriorating,"CHN_POLICY_RATE − (1.5 + CHN_CPI_YOY + 0.5*(CHN_CPI_YOY − 3) + 0.5*z(CHN_IND_PROD)); r*=1.5, target=3%"
GL_MONPOL1,Global,Monetary Policy,Monetary Policy,Policy Rate,Global Monetary Policy Tracker (net diffusion of 3m policy-rate changes),2026-09-11,0.4,1.6362,1.617,1.5839,-0.4943,1.6362,intensifying,n/a,stable,"mean of sign(rate - rate ~3m/13w ago) across FEDFUNDS, EA_DEPOSIT_RATE, GBR_BANK_RATE, JPN_POLICY_RATE, CHN_POLICY_RATE, CAN_POLICY_RATE"
