Date,DRTSCIS,DRTSCLCC,GACDISA066MSFRBNY
2000-01-07,9.4,4.8,
2000-01-14,9.4,4.8,
2000-01-21,9.4,4.8,
2000-01-28,9.4,4.8,
2000-02-04,9.4,4.8,
2000-02-11,9.4,4.8,
2000-02-18,9.4,4.8,
2000-02-25,9.4,4.8,
2000-03-03,9.4,4.8,
2000-03-10,9.4,4.8,
2000-03-17,9.4,4.8,
2000-03-24,9.4,4.8,
2000-03-31,9.4,4.8,
2000-04-07,21.4,2.6,
2000-04-14,21.4,2.6,
2000-04-21,21.4,2.6,
2000-04-28,21.4,2.6,
2000-05-05,21.4,2.6,
2000-05-12,21.4,2.6,
2000-05-19,21.4,2.6,
2000-05-26,21.4,2.6,
2000-06-02,21.4,2.6,
2000-06-09,21.4,2.6,
2000-06-16,21.4,2.6,
2000-06-23,21.4,2.6,
2000-06-30,21.4,2.6,
2000-07-07,23.6,-2.6,
2000-07-14,23.6,-2.6,
2000-07-21,23.6,-2.6,
2000-07-28,23.6,-2.6,
2000-08-04,23.6,-2.6,
2000-08-11,23.6,-2.6,
2000-08-18,23.6,-2.6,
2000-08-25,23.6,-2.6,
2000-09-01,23.6,-2.6,
2000-09-08,23.6,-2.6,
2000-09-15,23.6,-2.6,
2000-09-22,23.6,-2.6,
2000-09-29,23.6,-2.6,
2000-10-06,27.3,8.3,
2000-10-13,27.3,8.3,
2000-10-20,27.3,8.3,
2000-10-27,27.3,8.3,
2000-11-03,27.3,8.3,
2000-11-10,27.3,8.3,
2000-11-17,27.3,8.3,
2000-11-24,27.3,8.3,
2000-12-01,27.3,8.3,
2000-12-08,27.3,8.3,
2000-12-15,27.3,8.3,
2000-12-22,27.3,8.3,
2000-12-29,27.3,8.3,
2001-01-05,45.5,11.8,
2001-01-12,45.5,11.8,
2001-01-19,45.5,11.8,
2001-01-26,45.5,11.8,
2001-02-02,45.5,11.8,
2001-02-09,45.5,11.8,
2001-02-16,45.5,11.8,
2001-02-23,45.5,11.8,
2001-03-02,45.5,11.8,
2001-03-09,45.5,11.8,
2001-03-16,45.5,11.8,
2001-03-23,45.5,11.8,
2001-03-30,45.5,11.8,
2001-04-06,36.4,20.0,
2001-04-13,36.4,20.0,
2001-04-20,36.4,20.0,
2001-04-27,36.4,20.0,
2001-05-04,36.4,20.0,
2001-05-11,36.4,20.0,
2001-05-18,36.4,20.0,
2001-05-25,36.4,20.0,
2001-06-01,36.4,20.0,
2001-06-08,36.4,20.0,
2001-06-15,36.4,20.0,
2001-06-22,36.4,20.0,
2001-06-29,36.4,20.0,
2001-07-06,31.6,11.4,-13.3
2001-07-13,31.6,11.4,-13.3
2001-07-20,31.6,11.4,-13.3
2001-07-27,31.6,11.4,-13.3
2001-08-03,31.6,11.4,-8.0
2001-08-10,31.6,11.4,-8.0
2001-08-17,31.6,11.4,-8.0
2001-08-24,31.6,11.4,-8.0
2001-08-31,31.6,11.4,-8.0
2001-09-07,31.6,11.4,-12.5
2001-09-14,31.6,11.4,-12.5
2001-09-21,31.6,11.4,-12.5
2001-09-28,31.6,11.4,-12.5
2001-10-05,40.4,20.0,-14.7
2001-10-12,40.4,20.0,-14.7
2001-10-19,40.4,20.0,-14.7
2001-10-26,40.4,20.0,-14.7
2001-11-02,40.4,20.0,-21.5
2001-11-09,40.4,20.0,-21.5
2001-11-16,40.4,20.0,-21.5
2001-11-23,40.4,20.0,-21.5
2001-11-30,40.4,20.0,-21.5
2001-12-07,40.4,20.0,-9.8
2001-12-14,40.4,20.0,-9.8
2001-12-21,40.4,20.0,-9.8
2001-12-28,40.4,20.0,-9.8
2002-01-04,41.8,18.2,1.4
2002-01-11,41.8,18.2,1.4
2002-01-18,41.8,18.2,1.4
2002-01-25,41.8,18.2,1.4
2002-02-01,41.8,18.2,13.3
2002-02-08,41.8,18.2,13.3
2002-02-15,41.8,18.2,13.3
2002-02-22,41.8,18.2,13.3
2002-03-01,41.8,18.2,13.8
2002-03-08,41.8,18.2,13.8
2002-03-15,41.8,18.2,13.8
2002-03-22,41.8,18.2,13.8
2002-03-29,41.8,18.2,13.8
2002-04-05,14.5,8.6,20.2
2002-04-12,14.5,8.6,20.2
2002-04-19,14.5,8.6,20.2
2002-04-26,14.5,8.6,20.2
2002-05-03,14.5,8.6,12.9
2002-05-10,14.5,8.6,12.9
2002-05-17,14.5,8.6,12.9
2002-05-24,14.5,8.6,12.9
2002-05-31,14.5,8.6,12.9
2002-06-07,14.5,8.6,8.9
2002-06-14,14.5,8.6,8.9
2002-06-21,14.5,8.6,8.9
2002-06-28,14.5,8.6,8.9
2002-07-05,5.5,14.7,-1.9
2002-07-12,5.5,14.7,-1.9
2002-07-19,5.5,14.7,-1.9
2002-07-26,5.5,14.7,-1.9
2002-08-02,5.5,14.7,8.2
2002-08-09,5.5,14.7,8.2
2002-08-16,5.5,14.7,8.2
2002-08-23,5.5,14.7,8.2
2002-08-30,5.5,14.7,8.2
2002-09-06,5.5,14.7,6.3
2002-09-13,5.5,14.7,6.3
2002-09-20,5.5,14.7,6.3
2002-09-27,5.5,14.7,6.3
2002-10-04,18.2,15.2,-3.8
2002-10-11,18.2,15.2,-3.8
2002-10-18,18.2,15.2,-3.8
2002-10-25,18.2,15.2,-3.8
2002-11-01,18.2,15.2,4.0
2002-11-08,18.2,15.2,4.0
2002-11-15,18.2,15.2,4.0
2002-11-22,18.2,15.2,4.0
2002-11-29,18.2,15.2,4.0
2002-12-06,18.2,15.2,2.4
2002-12-13,18.2,15.2,2.4
2002-12-20,18.2,15.2,2.4
2002-12-27,18.2,15.2,2.4
2003-01-03,13.8,16.2,8.1
2003-01-10,13.8,16.2,8.1
2003-01-17,13.8,16.2,8.1
2003-01-24,13.8,16.2,8.1
2003-01-31,13.8,16.2,8.1
2003-02-07,13.8,16.2,-3.5
2003-02-14,13.8,16.2,-3.5
2003-02-21,13.8,16.2,-3.5
2003-02-28,13.8,16.2,-3.5
2003-03-07,13.8,16.2,6.5
2003-03-14,13.8,16.2,6.5
2003-03-21,13.8,16.2,6.5
2003-03-28,13.8,16.2,6.5
2003-04-04,12.7,9.7,-14.5
2003-04-11,12.7,9.7,-14.5
2003-04-18,12.7,9.7,-14.5
2003-04-25,12.7,9.7,-14.5
2003-05-02,12.7,9.7,15.7
2003-05-09,12.7,9.7,15.7
2003-05-16,12.7,9.7,15.7
2003-05-23,12.7,9.7,15.7
2003-05-30,12.7,9.7,15.7
2003-06-06,12.7,9.7,25.1
2003-06-13,12.7,9.7,25.1
2003-06-20,12.7,9.7,25.1
2003-06-27,12.7,9.7,25.1
2003-07-04,3.5,0.0,19.3
2003-07-11,3.5,0.0,19.3
2003-07-18,3.5,0.0,19.3
2003-07-25,3.5,0.0,19.3
2003-08-01,3.5,0.0,15.5
2003-08-08,3.5,0.0,15.5
2003-08-15,3.5,0.0,15.5
2003-08-22,3.5,0.0,15.5
2003-08-29,3.5,0.0,15.5
2003-09-05,3.5,0.0,20.4
2003-09-12,3.5,0.0,20.4
2003-09-19,3.5,0.0,20.4
2003-09-26,3.5,0.0,20.4
2003-10-03,-1.8,2.9,36.8
2003-10-10,-1.8,2.9,36.8
2003-10-17,-1.8,2.9,36.8
2003-10-24,-1.8,2.9,36.8
2003-10-31,-1.8,2.9,36.8
2003-11-07,-1.8,2.9,34.0
2003-11-14,-1.8,2.9,34.0
2003-11-21,-1.8,2.9,34.0
2003-11-28,-1.8,2.9,34.0
2003-12-05,-1.8,2.9,27.4
2003-12-12,-1.8,2.9,27.4
2003-12-19,-1.8,2.9,27.4
2003-12-26,-1.8,2.9,27.4
2004-01-02,-10.9,6.3,32.5
2004-01-09,-10.9,6.3,32.5
2004-01-16,-10.9,6.3,32.5
2004-01-23,-10.9,6.3,32.5
2004-01-30,-10.9,6.3,32.5
2004-02-06,-10.9,6.3,37.0
2004-02-13,-10.9,6.3,37.0
2004-02-20,-10.9,6.3,37.0
2004-02-27,-10.9,6.3,37.0
2004-03-05,-10.9,6.3,32.7
2004-03-12,-10.9,6.3,32.7
2004-03-19,-10.9,6.3,32.7
2004-03-26,-10.9,6.3,32.7
2004-04-02,-19.3,3.2,39.0
2004-04-09,-19.3,3.2,39.0
2004-04-16,-19.3,3.2,39.0
2004-04-23,-19.3,3.2,39.0
2004-04-30,-19.3,3.2,39.0
2004-05-07,-19.3,3.2,37.0
2004-05-14,-19.3,3.2,37.0
2004-05-21,-19.3,3.2,37.0
2004-05-28,-19.3,3.2,37.0
2004-06-04,-19.3,3.2,27.0
2004-06-11,-19.3,3.2,27.0
2004-06-18,-19.3,3.2,27.0
2004-06-25,-19.3,3.2,27.0
2004-07-02,-3.6,0.0,35.0
2004-07-09,-3.6,0.0,35.0
2004-07-16,-3.6,0.0,35.0
2004-07-23,-3.6,0.0,35.0
2004-07-30,-3.6,0.0,35.0
2004-08-06,-3.6,0.0,15.2
2004-08-13,-3.6,0.0,15.2
2004-08-20,-3.6,0.0,15.2
2004-08-27,-3.6,0.0,15.2
2004-09-03,-3.6,0.0,28.4
2004-09-10,-3.6,0.0,28.4
2004-09-17,-3.6,0.0,28.4
2004-09-24,-3.6,0.0,28.4
2004-10-01,-18.2,-2.9,24.5
2004-10-08,-18.2,-2.9,24.5
2004-10-15,-18.2,-2.9,24.5
2004-10-22,-18.2,-2.9,24.5
2004-10-29,-18.2,-2.9,24.5
2004-11-05,-18.2,-2.9,15.3
2004-11-12,-18.2,-2.9,15.3
2004-11-19,-18.2,-2.9,15.3
2004-11-26,-18.2,-2.9,15.3
2004-12-03,-18.2,-2.9,21.6
2004-12-10,-18.2,-2.9,21.6
2004-12-17,-18.2,-2.9,21.6
2004-12-24,-18.2,-2.9,21.6
2004-12-31,-18.2,-2.9,21.6
2005-01-07,-13.0,-2.9,15.6
2005-01-14,-13.0,-2.9,15.6
2005-01-21,-13.0,-2.9,15.6
2005-01-28,-13.0,-2.9,15.6
2005-02-04,-13.0,-2.9,17.2
2005-02-11,-13.0,-2.9,17.2
2005-02-18,-13.0,-2.9,17.2
2005-02-25,-13.0,-2.9,17.2
2005-03-04,-13.0,-2.9,24.3
2005-03-11,-13.0,-2.9,24.3
2005-03-18,-13.0,-2.9,24.3
2005-03-25,-13.0,-2.9,24.3
2005-04-01,-24.1,-8.3,8.3
2005-04-08,-24.1,-8.3,8.3
2005-04-15,-24.1,-8.3,8.3
2005-04-22,-24.1,-8.3,8.3
2005-04-29,-24.1,-8.3,8.3
2005-05-06,-24.1,-8.3,-4.9
2005-05-13,-24.1,-8.3,-4.9
2005-05-20,-24.1,-8.3,-4.9
2005-05-27,-24.1,-8.3,-4.9
2005-06-03,-24.1,-8.3,7.8
2005-06-10,-24.1,-8.3,7.8
2005-06-17,-24.1,-8.3,7.8
2005-06-24,-24.1,-8.3,7.8
2005-07-01,-11.1,-6.5,23.8
2005-07-08,-11.1,-6.5,23.8
2005-07-15,-11.1,-6.5,23.8
2005-07-22,-11.1,-6.5,23.8
2005-07-29,-11.1,-6.5,23.8
2005-08-05,-11.1,-6.5,23.7
2005-08-12,-11.1,-6.5,23.7
2005-08-19,-11.1,-6.5,23.7
2005-08-26,-11.1,-6.5,23.7
2005-09-02,-11.1,-6.5,16.9
2005-09-09,-11.1,-6.5,16.9
2005-09-16,-11.1,-6.5,16.9
2005-09-23,-11.1,-6.5,16.9
2005-09-30,-11.1,-6.5,16.9
2005-10-07,-5.3,-3.0,12.0
2005-10-14,-5.3,-3.0,12.0
2005-10-21,-5.3,-3.0,12.0
2005-10-28,-5.3,-3.0,12.0
2005-11-04,-5.3,-3.0,18.0
2005-11-11,-5.3,-3.0,18.0
2005-11-18,-5.3,-3.0,18.0
2005-11-25,-5.3,-3.0,18.0
2005-12-02,-5.3,-3.0,22.9
2005-12-09,-5.3,-3.0,22.9
2005-12-16,-5.3,-3.0,22.9
2005-12-23,-5.3,-3.0,22.9
2005-12-30,-5.3,-3.0,22.9
2006-01-06,-7.1,3.1,17.6
2006-01-13,-7.1,3.1,17.6
2006-01-20,-7.1,3.1,17.6
2006-01-27,-7.1,3.1,17.6
2006-02-03,-7.1,3.1,20.9
2006-02-10,-7.1,3.1,20.9
2006-02-17,-7.1,3.1,20.9
2006-02-24,-7.1,3.1,20.9
2006-03-03,-7.1,3.1,33.2
2006-03-10,-7.1,3.1,33.2
2006-03-17,-7.1,3.1,33.2
2006-03-24,-7.1,3.1,33.2
2006-03-31,-7.1,3.1,33.2
2006-04-07,-7.0,-2.6,18.5
2006-04-14,-7.0,-2.6,18.5
2006-04-21,-7.0,-2.6,18.5
2006-04-28,-7.0,-2.6,18.5
2006-05-05,-7.0,-2.6,18.7
2006-05-12,-7.0,-2.6,18.7
2006-05-19,-7.0,-2.6,18.7
2006-05-26,-7.0,-2.6,18.7
2006-06-02,-7.0,-2.6,26.5
2006-06-09,-7.0,-2.6,26.5
2006-06-16,-7.0,-2.6,26.5
2006-06-23,-7.0,-2.6,26.5
2006-06-30,-7.0,-2.6,26.5
2006-07-07,-1.8,-3.0,16.5
2006-07-14,-1.8,-3.0,16.5
2006-07-21,-1.8,-3.0,16.5
2006-07-28,-1.8,-3.0,16.5
2006-08-04,-1.8,-3.0,11.7
2006-08-11,-1.8,-3.0,11.7
2006-08-18,-1.8,-3.0,11.7
2006-08-25,-1.8,-3.0,11.7
2006-09-01,-1.8,-3.0,14.9
2006-09-08,-1.8,-3.0,14.9
2006-09-15,-1.8,-3.0,14.9
2006-09-22,-1.8,-3.0,14.9
2006-09-29,-1.8,-3.0,14.9
2006-10-06,-1.9,-2.9,18.7
2006-10-13,-1.9,-2.9,18.7
2006-10-20,-1.9,-2.9,18.7
2006-10-27,-1.9,-2.9,18.7
2006-11-03,-1.9,-2.9,22.9
2006-11-10,-1.9,-2.9,22.9
2006-11-17,-1.9,-2.9,22.9
2006-11-24,-1.9,-2.9,22.9
2006-12-01,-1.9,-2.9,20.1
2006-12-08,-1.9,-2.9,20.1
2006-12-15,-1.9,-2.9,20.1
2006-12-22,-1.9,-2.9,20.1
2006-12-29,-1.9,-2.9,20.1
2007-01-05,5.4,0.0,7.4
2007-01-12,5.4,0.0,7.4
2007-01-19,5.4,0.0,7.4
2007-01-26,5.4,0.0,7.4
2007-02-02,5.4,0.0,24.6
2007-02-09,5.4,0.0,24.6
2007-02-16,5.4,0.0,24.6
2007-02-23,5.4,0.0,24.6
2007-03-02,5.4,0.0,13.4
2007-03-09,5.4,0.0,13.4
2007-03-16,5.4,0.0,13.4
2007-03-23,5.4,0.0,13.4
2007-03-30,5.4,0.0,13.4
2007-04-06,1.9,-11.1,3.9
2007-04-13,1.9,-11.1,3.9
2007-04-20,1.9,-11.1,3.9
2007-04-27,1.9,-11.1,3.9
2007-05-04,1.9,-11.1,10.0
2007-05-11,1.9,-11.1,10.0
2007-05-18,1.9,-11.1,10.0
2007-05-25,1.9,-11.1,10.0
2007-06-01,1.9,-11.1,24.3
2007-06-08,1.9,-11.1,24.3
2007-06-15,1.9,-11.1,24.3
2007-06-22,1.9,-11.1,24.3
2007-06-29,1.9,-11.1,24.3
2007-07-06,7.7,-3.1,26.1
2007-07-13,7.7,-3.1,26.1
2007-07-20,7.7,-3.1,26.1
2007-07-27,7.7,-3.1,26.1
2007-08-03,7.7,-3.1,22.8
2007-08-10,7.7,-3.1,22.8
2007-08-17,7.7,-3.1,22.8
2007-08-24,7.7,-3.1,22.8
2007-08-31,7.7,-3.1,22.8
2007-09-07,7.7,-3.1,14.7
2007-09-14,7.7,-3.1,14.7
2007-09-21,7.7,-3.1,14.7
2007-09-28,7.7,-3.1,14.7
2007-10-05,9.6,3.2,25.7
2007-10-12,9.6,3.2,25.7
2007-10-19,9.6,3.2,25.7
2007-10-26,9.6,3.2,25.7
2007-11-02,9.6,3.2,25.9
2007-11-09,9.6,3.2,25.9
2007-11-16,9.6,3.2,25.9
2007-11-23,9.6,3.2,25.9
2007-11-30,9.6,3.2,25.9
2007-12-07,9.6,3.2,8.6
2007-12-14,9.6,3.2,8.6
2007-12-21,9.6,3.2,8.6
2007-12-28,9.6,3.2,8.6
2008-01-04,30.4,9.8,7.2
2008-01-11,30.4,9.8,7.2
2008-01-18,30.4,9.8,7.2
2008-01-25,30.4,9.8,7.2
2008-02-01,30.4,9.8,-7.1
2008-02-08,30.4,9.8,-7.1
2008-02-15,30.4,9.8,-7.1
2008-02-22,30.4,9.8,-7.1
2008-02-29,30.4,9.8,-7.1
2008-03-07,30.4,9.8,-14.7
2008-03-14,30.4,9.8,-14.7
2008-03-21,30.4,9.8,-14.7
2008-03-28,30.4,9.8,-14.7
2008-04-04,51.8,32.4,-3.1
2008-04-11,51.8,32.4,-3.1
2008-04-18,51.8,32.4,-3.1
2008-04-25,51.8,32.4,-3.1
2008-05-02,51.8,32.4,-3.8
2008-05-09,51.8,32.4,-3.8
2008-05-16,51.8,32.4,-3.8
2008-05-23,51.8,32.4,-3.8
2008-05-30,51.8,32.4,-3.8
2008-06-06,51.8,32.4,-8.2
2008-06-13,51.8,32.4,-8.2
2008-06-20,51.8,32.4,-8.2
2008-06-27,51.8,32.4,-8.2
2008-07-04,65.4,66.7,-5.3
2008-07-11,65.4,66.7,-5.3
2008-07-18,65.4,66.7,-5.3
2008-07-25,65.4,66.7,-5.3
2008-08-01,65.4,66.7,-0.9
2008-08-08,65.4,66.7,-0.9
2008-08-15,65.4,66.7,-0.9
2008-08-22,65.4,66.7,-0.9
2008-08-29,65.4,66.7,-0.9
2008-09-05,65.4,66.7,-8.1
2008-09-12,65.4,66.7,-8.1
2008-09-19,65.4,66.7,-8.1
2008-09-26,65.4,66.7,-8.1
2008-10-03,74.5,58.8,-25.9
2008-10-10,74.5,58.8,-25.9
2008-10-17,74.5,58.8,-25.9
2008-10-24,74.5,58.8,-25.9
2008-10-31,74.5,58.8,-25.9
2008-11-07,74.5,58.8,-22.6
2008-11-14,74.5,58.8,-22.6
2008-11-21,74.5,58.8,-22.6
2008-11-28,74.5,58.8,-22.6
2008-12-05,74.5,58.8,-25.4
2008-12-12,74.5,58.8,-25.4
2008-12-19,74.5,58.8,-25.4
2008-12-26,74.5,58.8,-25.4
2009-01-02,69.2,58.8,-26.5
2009-01-09,69.2,58.8,-26.5
2009-01-16,69.2,58.8,-26.5
2009-01-23,69.2,58.8,-26.5
2009-01-30,69.2,58.8,-26.5
2009-02-06,69.2,58.8,-34.1
2009-02-13,69.2,58.8,-34.1
2009-02-20,69.2,58.8,-34.1
2009-02-27,69.2,58.8,-34.1
2009-03-06,69.2,58.8,-33.7
2009-03-13,69.2,58.8,-33.7
2009-03-20,69.2,58.8,-33.7
2009-03-27,69.2,58.8,-33.7
2009-04-03,42.3,58.1,-19.4
2009-04-10,42.3,58.1,-19.4
2009-04-17,42.3,58.1,-19.4
2009-04-24,42.3,58.1,-19.4
2009-05-01,42.3,58.1,-5.9
2009-05-08,42.3,58.1,-5.9
2009-05-15,42.3,58.1,-5.9
2009-05-22,42.3,58.1,-5.9
2009-05-29,42.3,58.1,-5.9
2009-06-05,42.3,58.1,-9.7
2009-06-12,42.3,58.1,-9.7
2009-06-19,42.3,58.1,-9.7
2009-06-26,42.3,58.1,-9.7
2009-07-03,34.0,35.3,-0.1
2009-07-10,34.0,35.3,-0.1
2009-07-17,34.0,35.3,-0.1
2009-07-24,34.0,35.3,-0.1
2009-07-31,34.0,35.3,-0.1
2009-08-07,34.0,35.3,12.6
2009-08-14,34.0,35.3,12.6
2009-08-21,34.0,35.3,12.6
2009-08-28,34.0,35.3,12.6
2009-09-04,34.0,35.3,20.9
2009-09-11,34.0,35.3,20.9
2009-09-18,34.0,35.3,20.9
2009-09-25,34.0,35.3,20.9
2009-10-02,16.1,15.8,32.9
2009-10-09,16.1,15.8,32.9
2009-10-16,16.1,15.8,32.9
2009-10-23,16.1,15.8,32.9
2009-10-30,16.1,15.8,32.9
2009-11-06,16.1,15.8,25.7
2009-11-13,16.1,15.8,25.7
2009-11-20,16.1,15.8,25.7
2009-11-27,16.1,15.8,25.7
2009-12-04,16.1,15.8,5.2
2009-12-11,16.1,15.8,5.2
2009-12-18,16.1,15.8,5.2
2009-12-25,16.1,15.8,5.2
2010-01-01,3.7,2.8,15.2
2010-01-08,3.7,2.8,15.2
2010-01-15,3.7,2.8,15.2
2010-01-22,3.7,2.8,15.2
2010-01-29,3.7,2.8,15.2
2010-02-05,3.7,2.8,21.6
2010-02-12,3.7,2.8,21.6
2010-02-19,3.7,2.8,21.6
2010-02-26,3.7,2.8,21.6
2010-03-05,3.7,2.8,19.8
2010-03-12,3.7,2.8,19.8
2010-03-19,3.7,2.8,19.8
2010-03-26,3.7,2.8,19.8
2010-04-02,0.0,9.1,27.4
2010-04-09,0.0,9.1,27.4
2010-04-16,0.0,9.1,27.4
2010-04-23,0.0,9.1,27.4
2010-04-30,0.0,9.1,27.4
2010-05-07,0.0,9.1,18.3
2010-05-14,0.0,9.1,18.3
2010-05-21,0.0,9.1,18.3
2010-05-28,0.0,9.1,18.3
2010-06-04,0.0,9.1,19.9
2010-06-11,0.0,9.1,19.9
2010-06-18,0.0,9.1,19.9
2010-06-25,0.0,9.1,19.9
2010-07-02,-9.1,-7.9,5.2
2010-07-09,-9.1,-7.9,5.2
2010-07-16,-9.1,-7.9,5.2
2010-07-23,-9.1,-7.9,5.2
2010-07-30,-9.1,-7.9,5.2
2010-08-06,-9.1,-7.9,10.0
2010-08-13,-9.1,-7.9,10.0
2010-08-20,-9.1,-7.9,10.0
2010-08-27,-9.1,-7.9,10.0
2010-09-03,-9.1,-7.9,9.8
2010-09-10,-9.1,-7.9,9.8
2010-09-17,-9.1,-7.9,9.8
2010-09-24,-9.1,-7.9,9.8
2010-10-01,-7.1,-10.0,15.1
2010-10-08,-7.1,-10.0,15.1
2010-10-15,-7.1,-10.0,15.1
2010-10-22,-7.1,-10.0,15.1
2010-10-29,-7.1,-10.0,15.1
2010-11-05,-7.1,-10.0,-7.5
2010-11-12,-7.1,-10.0,-7.5
2010-11-19,-7.1,-10.0,-7.5
2010-11-26,-7.1,-10.0,-7.5
2010-12-03,-7.1,-10.0,11.8
2010-12-10,-7.1,-10.0,11.8
2010-12-17,-7.1,-10.0,11.8
2010-12-24,-7.1,-10.0,11.8
2010-12-31,-7.1,-10.0,11.8
2011-01-07,-1.9,-10.0,9.8
2011-01-14,-1.9,-10.0,9.8
2011-01-21,-1.9,-10.0,9.8
2011-01-28,-1.9,-10.0,9.8
2011-02-04,-1.9,-10.0,12.2
2011-02-11,-1.9,-10.0,12.2
2011-02-18,-1.9,-10.0,12.2
2011-02-25,-1.9,-10.0,12.2
2011-03-04,-1.9,-10.0,12.4
2011-03-11,-1.9,-10.0,12.4
2011-03-18,-1.9,-10.0,12.4
2011-03-25,-1.9,-10.0,12.4
2011-04-01,-13.5,-20.5,19.0
2011-04-08,-13.5,-20.5,19.0
2011-04-15,-13.5,-20.5,19.0
2011-04-22,-13.5,-20.5,19.0
2011-04-29,-13.5,-20.5,19.0
2011-05-06,-13.5,-20.5,10.4
2011-05-13,-13.5,-20.5,10.4
2011-05-20,-13.5,-20.5,10.4
2011-05-27,-13.5,-20.5,10.4
2011-06-03,-13.5,-20.5,-5.3
2011-06-10,-13.5,-20.5,-5.3
2011-06-17,-13.5,-20.5,-5.3
2011-06-24,-13.5,-20.5,-5.3
2011-07-01,-7.8,-9.3,-6.3
2011-07-08,-7.8,-9.3,-6.3
2011-07-15,-7.8,-9.3,-6.3
2011-07-22,-7.8,-9.3,-6.3
2011-07-29,-7.8,-9.3,-6.3
2011-08-05,-7.8,-9.3,-3.9
2011-08-12,-7.8,-9.3,-3.9
2011-08-19,-7.8,-9.3,-3.9
2011-08-26,-7.8,-9.3,-3.9
2011-09-02,-7.8,-9.3,-4.4
2011-09-09,-7.8,-9.3,-4.4
2011-09-16,-7.8,-9.3,-4.4
2011-09-23,-7.8,-9.3,-4.4
2011-09-30,-7.8,-9.3,-4.4
2011-10-07,-6.3,-7.9,-5.7
2011-10-14,-6.3,-7.9,-5.7
2011-10-21,-6.3,-7.9,-5.7
2011-10-28,-6.3,-7.9,-5.7
2011-11-04,-6.3,-7.9,4.7
2011-11-11,-6.3,-7.9,4.7
2011-11-18,-6.3,-7.9,4.7
2011-11-25,-6.3,-7.9,4.7
2011-12-02,-6.3,-7.9,11.6
2011-12-09,-6.3,-7.9,11.6
2011-12-16,-6.3,-7.9,11.6
2011-12-23,-6.3,-7.9,11.6
2011-12-30,-6.3,-7.9,11.6
2012-01-06,1.9,-11.6,11.7
2012-01-13,1.9,-11.6,11.7
2012-01-20,1.9,-11.6,11.7
2012-01-27,1.9,-11.6,11.7
2012-02-03,1.9,-11.6,17.6
2012-02-10,1.9,-11.6,17.6
2012-02-17,1.9,-11.6,17.6
2012-02-24,1.9,-11.6,17.6
2012-03-02,1.9,-11.6,15.5
2012-03-09,1.9,-11.6,15.5
2012-03-16,1.9,-11.6,15.5
2012-03-23,1.9,-11.6,15.5
2012-03-30,1.9,-11.6,15.5
2012-04-06,-1.8,-11.6,7.4
2012-04-13,-1.8,-11.6,7.4
2012-04-20,-1.8,-11.6,7.4
2012-04-27,-1.8,-11.6,7.4
2012-05-04,-1.8,-11.6,15.2
2012-05-11,-1.8,-11.6,15.2
2012-05-18,-1.8,-11.6,15.2
2012-05-25,-1.8,-11.6,15.2
2012-06-01,-1.8,-11.6,1.7
2012-06-08,-1.8,-11.6,1.7
2012-06-15,-1.8,-11.6,1.7
2012-06-22,-1.8,-11.6,1.7
2012-06-29,-1.8,-11.6,1.7
2012-07-06,-4.9,-10.9,2.5
2012-07-13,-4.9,-10.9,2.5
2012-07-20,-4.9,-10.9,2.5
2012-07-27,-4.9,-10.9,2.5
2012-08-03,-4.9,-10.9,-2.8
2012-08-10,-4.9,-10.9,-2.8
2012-08-17,-4.9,-10.9,-2.8
2012-08-24,-4.9,-10.9,-2.8
2012-08-31,-4.9,-10.9,-2.8
2012-09-07,-4.9,-10.9,-7.0
2012-09-14,-4.9,-10.9,-7.0
2012-09-21,-4.9,-10.9,-7.0
2012-09-28,-4.9,-10.9,-7.0
2012-10-05,-7.6,-11.1,-4.6
2012-10-12,-7.6,-11.1,-4.6
2012-10-19,-7.6,-11.1,-4.6
2012-10-26,-7.6,-11.1,-4.6
2012-11-02,-7.6,-11.1,-0.9
2012-11-09,-7.6,-11.1,-0.9
2012-11-16,-7.6,-11.1,-0.9
2012-11-23,-7.6,-11.1,-0.9
2012-11-30,-7.6,-11.1,-0.9
2012-12-07,-7.6,-11.1,-5.8
2012-12-14,-7.6,-11.1,-5.8
2012-12-21,-7.6,-11.1,-5.8
2012-12-28,-7.6,-11.1,-5.8
2013-01-04,-7.7,-2.0,-7.3
2013-01-11,-7.7,-2.0,-7.3
2013-01-18,-7.7,-2.0,-7.3
2013-01-25,-7.7,-2.0,-7.3
2013-02-01,-7.7,-2.0,9.4
2013-02-08,-7.7,-2.0,9.4
2013-02-15,-7.7,-2.0,9.4
2013-02-22,-7.7,-2.0,9.4
2013-03-01,-7.7,-2.0,5.0
2013-03-08,-7.7,-2.0,5.0
2013-03-15,-7.7,-2.0,5.0
2013-03-22,-7.7,-2.0,5.0
2013-03-29,-7.7,-2.0,5.0
2013-04-05,-23.1,-7.4,4.0
2013-04-12,-23.1,-7.4,4.0
2013-04-19,-23.1,-7.4,4.0
2013-04-26,-23.1,-7.4,4.0
2013-05-03,-23.1,-7.4,0.2
2013-05-10,-23.1,-7.4,0.2
2013-05-17,-23.1,-7.4,0.2
2013-05-24,-23.1,-7.4,0.2
2013-05-31,-23.1,-7.4,0.2
2013-06-07,-23.1,-7.4,4.7
2013-06-14,-23.1,-7.4,4.7
2013-06-21,-23.1,-7.4,4.7
2013-06-28,-23.1,-7.4,4.7
2013-07-05,-10.0,-3.6,4.4
2013-07-12,-10.0,-3.6,4.4
2013-07-19,-10.0,-3.6,4.4
2013-07-26,-10.0,-3.6,4.4
2013-08-02,-10.0,-3.6,9.4
2013-08-09,-10.0,-3.6,9.4
2013-08-16,-10.0,-3.6,9.4
2013-08-23,-10.0,-3.6,9.4
2013-08-30,-10.0,-3.6,9.4
2013-09-06,-10.0,-3.6,7.4
2013-09-13,-10.0,-3.6,7.4
2013-09-20,-10.0,-3.6,7.4
2013-09-27,-10.0,-3.6,7.4
2013-10-04,-7.1,-5.2,3.5
2013-10-11,-7.1,-5.2,3.5
2013-10-18,-7.1,-5.2,3.5
2013-10-25,-7.1,-5.2,3.5
2013-11-01,-7.1,-5.2,2.0
2013-11-08,-7.1,-5.2,2.0
2013-11-15,-7.1,-5.2,2.0
2013-11-22,-7.1,-5.2,2.0
2013-11-29,-7.1,-5.2,2.0
2013-12-06,-7.1,-5.2,3.1
2013-12-13,-7.1,-5.2,3.1
2013-12-20,-7.1,-5.2,3.1
2013-12-27,-7.1,-5.2,3.1
2014-01-03,-4.2,-7.0,13.4
2014-01-10,-4.2,-7.0,13.4
2014-01-17,-4.2,-7.0,13.4
2014-01-24,-4.2,-7.0,13.4
2014-01-31,-4.2,-7.0,13.4
2014-02-07,-4.2,-7.0,7.1
2014-02-14,-4.2,-7.0,7.1
2014-02-21,-4.2,-7.0,7.1
2014-02-28,-4.2,-7.0,7.1
2014-03-07,-4.2,-7.0,2.9
2014-03-14,-4.2,-7.0,2.9
2014-03-21,-4.2,-7.0,2.9
2014-03-28,-4.2,-7.0,2.9
2014-04-04,-7.0,-9.3,3.5
2014-04-11,-7.0,-9.3,3.5
2014-04-18,-7.0,-9.3,3.5
2014-04-25,-7.0,-9.3,3.5
2014-05-02,-7.0,-9.3,19.4
2014-05-09,-7.0,-9.3,19.4
2014-05-16,-7.0,-9.3,19.4
2014-05-23,-7.0,-9.3,19.4
2014-05-30,-7.0,-9.3,19.4
2014-06-06,-7.0,-9.3,16.1
2014-06-13,-7.0,-9.3,16.1
2014-06-20,-7.0,-9.3,16.1
2014-06-27,-7.0,-9.3,16.1
2014-07-04,-8.3,-13.0,19.7
2014-07-11,-8.3,-13.0,19.7
2014-07-18,-8.3,-13.0,19.7
2014-07-25,-8.3,-13.0,19.7
2014-08-01,-8.3,-13.0,15.7
2014-08-08,-8.3,-13.0,15.7
2014-08-15,-8.3,-13.0,15.7
2014-08-22,-8.3,-13.0,15.7
2014-08-29,-8.3,-13.0,15.7
2014-09-05,-8.3,-13.0,28.8
2014-09-12,-8.3,-13.0,28.8
2014-09-19,-8.3,-13.0,28.8
2014-09-26,-8.3,-13.0,28.8
2014-10-03,-8.2,-8.8,6.1
2014-10-10,-8.2,-8.8,6.1
2014-10-17,-8.2,-8.8,6.1
2014-10-24,-8.2,-8.8,6.1
2014-10-31,-8.2,-8.8,6.1
2014-11-07,-8.2,-8.8,11.7
2014-11-14,-8.2,-8.8,11.7
2014-11-21,-8.2,-8.8,11.7
2014-11-28,-8.2,-8.8,11.7
2014-12-05,-8.2,-8.8,-2.5
2014-12-12,-8.2,-8.8,-2.5
2014-12-19,-8.2,-8.8,-2.5
2014-12-26,-8.2,-8.8,-2.5
2015-01-02,-5.7,-1.9,13.4
2015-01-09,-5.7,-1.9,13.4
2015-01-16,-5.7,-1.9,13.4
2015-01-23,-5.7,-1.9,13.4
2015-01-30,-5.7,-1.9,13.4
2015-02-06,-5.7,-1.9,10.5
2015-02-13,-5.7,-1.9,10.5
2015-02-20,-5.7,-1.9,10.5
2015-02-27,-5.7,-1.9,10.5
2015-03-06,-5.7,-1.9,4.5
2015-03-13,-5.7,-1.9,4.5
2015-03-20,-5.7,-1.9,4.5
2015-03-27,-5.7,-1.9,4.5
2015-04-03,-1.4,-1.8,-0.7
2015-04-10,-1.4,-1.8,-0.7
2015-04-17,-1.4,-1.8,-0.7
2015-04-24,-1.4,-1.8,-0.7
2015-05-01,-1.4,-1.8,6.2
2015-05-08,-1.4,-1.8,6.2
2015-05-15,-1.4,-1.8,6.2
2015-05-22,-1.4,-1.8,6.2
2015-05-29,-1.4,-1.8,6.2
2015-06-05,-1.4,-1.8,-4.2
2015-06-12,-1.4,-1.8,-4.2
2015-06-19,-1.4,-1.8,-4.2
2015-06-26,-1.4,-1.8,-4.2
2015-07-03,-6.0,-7.7,0.1
2015-07-10,-6.0,-7.7,0.1
2015-07-17,-6.0,-7.7,0.1
2015-07-24,-6.0,-7.7,0.1
2015-07-31,-6.0,-7.7,0.1
2015-08-07,-6.0,-7.7,-14.2
2015-08-14,-6.0,-7.7,-14.2
2015-08-21,-6.0,-7.7,-14.2
2015-08-28,-6.0,-7.7,-14.2
2015-09-04,-6.0,-7.7,-13.8
2015-09-11,-6.0,-7.7,-13.8
2015-09-18,-6.0,-7.7,-13.8
2015-09-25,-6.0,-7.7,-13.8
2015-10-02,1.5,-5.8,-14.0
2015-10-09,1.5,-5.8,-14.0
2015-10-16,1.5,-5.8,-14.0
2015-10-23,1.5,-5.8,-14.0
2015-10-30,1.5,-5.8,-14.0
2015-11-06,1.5,-5.8,-10.0
2015-11-13,1.5,-5.8,-10.0
2015-11-20,1.5,-5.8,-10.0
2015-11-27,1.5,-5.8,-10.0
2015-12-04,1.5,-5.8,-5.9
2015-12-11,1.5,-5.8,-5.9
2015-12-18,1.5,-5.8,-5.9
2015-12-25,1.5,-5.8,-5.9
2016-01-01,4.2,-1.9,-15.6
2016-01-08,4.2,-1.9,-15.6
2016-01-15,4.2,-1.9,-15.6
2016-01-22,4.2,-1.9,-15.6
2016-01-29,4.2,-1.9,-15.6
2016-02-05,4.2,-1.9,-13.1
2016-02-12,4.2,-1.9,-13.1
2016-02-19,4.2,-1.9,-13.1
2016-02-26,4.2,-1.9,-13.1
2016-03-04,4.2,-1.9,-1.0
2016-03-11,4.2,-1.9,-1.0
2016-03-18,4.2,-1.9,-1.0
2016-03-25,4.2,-1.9,-1.0
2016-04-01,5.8,-5.7,8.0
2016-04-08,5.8,-5.7,8.0
2016-04-15,5.8,-5.7,8.0
2016-04-22,5.8,-5.7,8.0
2016-04-29,5.8,-5.7,8.0
2016-05-06,5.8,-5.7,-5.3
2016-05-13,5.8,-5.7,-5.3
2016-05-20,5.8,-5.7,-5.3
2016-05-27,5.8,-5.7,-5.3
2016-06-03,5.8,-5.7,3.8
2016-06-10,5.8,-5.7,3.8
2016-06-17,5.8,-5.7,3.8
2016-06-24,5.8,-5.7,3.8
2016-07-01,7.1,-5.6,-1.3
2016-07-08,7.1,-5.6,-1.3
2016-07-15,7.1,-5.6,-1.3
2016-07-22,7.1,-5.6,-1.3
2016-07-29,7.1,-5.6,-1.3
2016-08-05,7.1,-5.6,-5.7
2016-08-12,7.1,-5.6,-5.7
2016-08-19,7.1,-5.6,-5.7
2016-08-26,7.1,-5.6,-5.7
2016-09-02,7.1,-5.6,-3.4
2016-09-09,7.1,-5.6,-3.4
2016-09-16,7.1,-5.6,-3.4
2016-09-23,7.1,-5.6,-3.4
2016-09-30,7.1,-5.6,-3.4
2016-10-07,-1.5,0.0,-9.9
2016-10-14,-1.5,0.0,-9.9
2016-10-21,-1.5,0.0,-9.9
2016-10-28,-1.5,0.0,-9.9
2016-11-04,-1.5,0.0,1.2
2016-11-11,-1.5,0.0,1.2
2016-11-18,-1.5,0.0,1.2
2016-11-25,-1.5,0.0,1.2
2016-12-02,-1.5,0.0,9.6
2016-12-09,-1.5,0.0,9.6
2016-12-16,-1.5,0.0,9.6
2016-12-23,-1.5,0.0,9.6
2016-12-30,-1.5,0.0,9.6
2017-01-06,0.0,8.3,9.8
2017-01-13,0.0,8.3,9.8
2017-01-20,0.0,8.3,9.8
2017-01-27,0.0,8.3,9.8
2017-02-03,0.0,8.3,19.5
2017-02-10,0.0,8.3,19.5
2017-02-17,0.0,8.3,19.5
2017-02-24,0.0,8.3,19.5
2017-03-03,0.0,8.3,18.1
2017-03-10,0.0,8.3,18.1
2017-03-17,0.0,8.3,18.1
2017-03-24,0.0,8.3,18.1
2017-03-31,0.0,8.3,18.1
2017-04-07,-2.9,-7.8,4.5
2017-04-14,-2.9,-7.8,4.5
2017-04-21,-2.9,-7.8,4.5
2017-04-28,-2.9,-7.8,4.5
2017-05-05,-2.9,-7.8,4.1
2017-05-12,-2.9,-7.8,4.1
2017-05-19,-2.9,-7.8,4.1
2017-05-26,-2.9,-7.8,4.1
2017-06-02,-2.9,-7.8,19.3
2017-06-09,-2.9,-7.8,19.3
2017-06-16,-2.9,-7.8,19.3
2017-06-23,-2.9,-7.8,19.3
2017-06-30,-2.9,-7.8,19.3
2017-07-07,-4.1,5.8,7.9
2017-07-14,-4.1,5.8,7.9
2017-07-21,-4.1,5.8,7.9
2017-07-28,-4.1,5.8,7.9
2017-08-04,-4.1,5.8,23.2
2017-08-11,-4.1,5.8,23.2
2017-08-18,-4.1,5.8,23.2
2017-08-25,-4.1,5.8,23.2
2017-09-01,-4.1,5.8,20.7
2017-09-08,-4.1,5.8,20.7
2017-09-15,-4.1,5.8,20.7
2017-09-22,-4.1,5.8,20.7
2017-09-29,-4.1,5.8,20.7
2017-10-06,-8.8,9.1,25.9
2017-10-13,-8.8,9.1,25.9
2017-10-20,-8.8,9.1,25.9
2017-10-27,-8.8,9.1,25.9
2017-11-03,-8.8,9.1,17.4
2017-11-10,-8.8,9.1,17.4
2017-11-17,-8.8,9.1,17.4
2017-11-24,-8.8,9.1,17.4
2017-12-01,-8.8,9.1,20.3
2017-12-08,-8.8,9.1,20.3
2017-12-15,-8.8,9.1,20.3
2017-12-22,-8.8,9.1,20.3
2017-12-29,-8.8,9.1,20.3
2018-01-05,0.0,1.9,23.3
2018-01-12,0.0,1.9,23.3
2018-01-19,0.0,1.9,23.3
2018-01-26,0.0,1.9,23.3
2018-02-02,0.0,1.9,16.8
2018-02-09,0.0,1.9,16.8
2018-02-16,0.0,1.9,16.8
2018-02-23,0.0,1.9,16.8
2018-03-02,0.0,1.9,27.1
2018-03-09,0.0,1.9,27.1
2018-03-16,0.0,1.9,27.1
2018-03-23,0.0,1.9,27.1
2018-03-30,0.0,1.9,27.1
2018-04-06,-3.0,9.4,14.6
2018-04-13,-3.0,9.4,14.6
2018-04-20,-3.0,9.4,14.6
2018-04-27,-3.0,9.4,14.6
2018-05-04,-3.0,9.4,22.3
2018-05-11,-3.0,9.4,22.3
2018-05-18,-3.0,9.4,22.3
2018-05-25,-3.0,9.4,22.3
2018-06-01,-3.0,9.4,25.8
2018-06-08,-3.0,9.4,25.8
2018-06-15,-3.0,9.4,25.8
2018-06-22,-3.0,9.4,25.8
2018-06-29,-3.0,9.4,25.8
2018-07-06,-7.6,12.0,16.3
2018-07-13,-7.6,12.0,16.3
2018-07-20,-7.6,12.0,16.3
2018-07-27,-7.6,12.0,16.3
2018-08-03,-7.6,12.0,25.6
2018-08-10,-7.6,12.0,25.6
2018-08-17,-7.6,12.0,25.6
2018-08-24,-7.6,12.0,25.6
2018-08-31,-7.6,12.0,25.6
2018-09-07,-7.6,12.0,14.6
2018-09-14,-7.6,12.0,14.6
2018-09-21,-7.6,12.0,14.6
2018-09-28,-7.6,12.0,14.6
2018-10-05,-3.1,-2.2,18.7
2018-10-12,-3.1,-2.2,18.7
2018-10-19,-3.1,-2.2,18.7
2018-10-26,-3.1,-2.2,18.7
2018-11-02,-3.1,-2.2,17.6
2018-11-09,-3.1,-2.2,17.6
2018-11-16,-3.1,-2.2,17.6
2018-11-23,-3.1,-2.2,17.6
2018-11-30,-3.1,-2.2,17.6
2018-12-07,-3.1,-2.2,11.2
2018-12-14,-3.1,-2.2,11.2
2018-12-21,-3.1,-2.2,11.2
2018-12-28,-3.1,-2.2,11.2
2019-01-04,4.3,6.4,10.2
2019-01-11,4.3,6.4,10.2
2019-01-18,4.3,6.4,10.2
2019-01-25,4.3,6.4,10.2
2019-02-01,4.3,6.4,9.1
2019-02-08,4.3,6.4,9.1
2019-02-15,4.3,6.4,9.1
2019-02-22,4.3,6.4,9.1
2019-03-01,4.3,6.4,10.8
2019-03-08,4.3,6.4,10.8
2019-03-15,4.3,6.4,10.8
2019-03-22,4.3,6.4,10.8
2019-03-29,4.3,6.4,10.8
2019-04-05,0.0,15.2,5.8
2019-04-12,0.0,15.2,5.8
2019-04-19,0.0,15.2,5.8
2019-04-26,0.0,15.2,5.8
2019-05-03,0.0,15.2,20.7
2019-05-10,0.0,15.2,20.7
2019-05-17,0.0,15.2,20.7
2019-05-24,0.0,15.2,20.7
2019-05-31,0.0,15.2,20.7
2019-06-07,0.0,15.2,-5.9
2019-06-14,0.0,15.2,-5.9
2019-06-21,0.0,15.2,-5.9
2019-06-28,0.0,15.2,-5.9
2019-07-05,-5.8,8.5,-2.0
2019-07-12,-5.8,8.5,-2.0
2019-07-19,-5.8,8.5,-2.0
2019-07-26,-5.8,8.5,-2.0
2019-08-02,-5.8,8.5,6.7
2019-08-09,-5.8,8.5,6.7
2019-08-16,-5.8,8.5,6.7
2019-08-23,-5.8,8.5,6.7
2019-08-30,-5.8,8.5,6.7
2019-09-06,-5.8,8.5,-3.0
2019-09-13,-5.8,8.5,-3.0
2019-09-20,-5.8,8.5,-3.0
2019-09-27,-5.8,8.5,-3.0
2019-10-04,5.6,10.4,2.4
2019-10-11,5.6,10.4,2.4
2019-10-18,5.6,10.4,2.4
2019-10-25,5.6,10.4,2.4
2019-11-01,5.6,10.4,-3.2
2019-11-08,5.6,10.4,-3.2
2019-11-15,5.6,10.4,-3.2
2019-11-22,5.6,10.4,-3.2
2019-11-29,5.6,10.4,-3.2
2019-12-06,5.6,10.4,3.2
2019-12-13,5.6,10.4,3.2
2019-12-20,5.6,10.4,3.2
2019-12-27,5.6,10.4,3.2
2020-01-03,-1.4,13.6,13.0
2020-01-10,-1.4,13.6,13.0
2020-01-17,-1.4,13.6,13.0
2020-01-24,-1.4,13.6,13.0
2020-01-31,-1.4,13.6,13.0
2020-02-07,-1.4,13.6,10.9
2020-02-14,-1.4,13.6,10.9
2020-02-21,-1.4,13.6,10.9
2020-02-28,-1.4,13.6,10.9
2020-03-06,-1.4,13.6,-13.4
2020-03-13,-1.4,13.6,-13.4
2020-03-20,-1.4,13.6,-13.4
2020-03-27,-1.4,13.6,-13.4
2020-04-03,39.7,38.5,-80.0
2020-04-10,39.7,38.5,-80.0
2020-04-17,39.7,38.5,-80.0
2020-04-24,39.7,38.5,-80.0
2020-05-01,39.7,38.5,-43.3
2020-05-08,39.7,38.5,-43.3
2020-05-15,39.7,38.5,-43.3
2020-05-22,39.7,38.5,-43.3
2020-05-29,39.7,38.5,-43.3
2020-06-05,39.7,38.5,-0.3
2020-06-12,39.7,38.5,-0.3
2020-06-19,39.7,38.5,-0.3
2020-06-26,39.7,38.5,-0.3
2020-07-03,70.0,71.7,9.5
2020-07-10,70.0,71.7,9.5
2020-07-17,70.0,71.7,9.5
2020-07-24,70.0,71.7,9.5
2020-07-31,70.0,71.7,9.5
2020-08-07,70.0,71.7,6.9
2020-08-14,70.0,71.7,6.9
2020-08-21,70.0,71.7,6.9
2020-08-28,70.0,71.7,6.9
2020-09-04,70.0,71.7,10.5
2020-09-11,70.0,71.7,10.5
2020-09-18,70.0,71.7,10.5
2020-09-25,70.0,71.7,10.5
2020-10-02,31.3,26.7,9.0
2020-10-09,31.3,26.7,9.0
2020-10-16,31.3,26.7,9.0
2020-10-23,31.3,26.7,9.0
2020-10-30,31.3,26.7,9.0
2020-11-06,31.3,26.7,-1.9
2020-11-13,31.3,26.7,-1.9
2020-11-20,31.3,26.7,-1.9
2020-11-27,31.3,26.7,-1.9
2020-12-04,31.3,26.7,5.7
2020-12-11,31.3,26.7,5.7
2020-12-18,31.3,26.7,5.7
2020-12-25,31.3,26.7,5.7
2021-01-01,11.4,-12.8,14.0
2021-01-08,11.4,-12.8,14.0
2021-01-15,11.4,-12.8,14.0
2021-01-22,11.4,-12.8,14.0
2021-01-29,11.4,-12.8,14.0
2021-02-05,11.4,-12.8,9.5
2021-02-12,11.4,-12.8,9.5
2021-02-19,11.4,-12.8,9.5
2021-02-26,11.4,-12.8,9.5
2021-03-05,11.4,-12.8,25.0
2021-03-12,11.4,-12.8,25.0
2021-03-19,11.4,-12.8,25.0
2021-03-26,11.4,-12.8,25.0
2021-04-02,-12.9,-27.1,22.6
2021-04-09,-12.9,-27.1,22.6
2021-04-16,-12.9,-27.1,22.6
2021-04-23,-12.9,-27.1,22.6
2021-04-30,-12.9,-27.1,22.6
2021-05-07,-12.9,-27.1,31.9
2021-05-14,-12.9,-27.1,31.9
2021-05-21,-12.9,-27.1,31.9
2021-05-28,-12.9,-27.1,31.9
2021-06-04,-12.9,-27.1,16.7
2021-06-11,-12.9,-27.1,16.7
2021-06-18,-12.9,-27.1,16.7
2021-06-25,-12.9,-27.1,16.7
2021-07-02,-25.7,-37.3,35.8
2021-07-09,-25.7,-37.3,35.8
2021-07-16,-25.7,-37.3,35.8
2021-07-23,-25.7,-37.3,35.8
2021-07-30,-25.7,-37.3,35.8
2021-08-06,-25.7,-37.3,20.7
2021-08-13,-25.7,-37.3,20.7
2021-08-20,-25.7,-37.3,20.7
2021-08-27,-25.7,-37.3,20.7
2021-09-03,-25.7,-37.3,28.4
2021-09-10,-25.7,-37.3,28.4
2021-09-17,-25.7,-37.3,28.4
2021-09-24,-25.7,-37.3,28.4
2021-10-01,-11.1,-31.1,18.1
2021-10-08,-11.1,-31.1,18.1
2021-10-15,-11.1,-31.1,18.1
2021-10-22,-11.1,-31.1,18.1
2021-10-29,-11.1,-31.1,18.1
2021-11-05,-11.1,-31.1,21.3
2021-11-12,-11.1,-31.1,21.3
2021-11-19,-11.1,-31.1,21.3
2021-11-26,-11.1,-31.1,21.3
2021-12-03,-11.1,-31.1,34.4
2021-12-10,-11.1,-31.1,34.4
2021-12-17,-11.1,-31.1,34.4
2021-12-24,-11.1,-31.1,34.4
2021-12-31,-11.1,-31.1,34.4
2022-01-07,-9.4,-17.0,10.9
2022-01-14,-9.4,-17.0,10.9
2022-01-21,-9.4,-17.0,10.9
2022-01-28,-9.4,-17.0,10.9
2022-02-04,-9.4,-17.0,-0.8
2022-02-11,-9.4,-17.0,-0.8
2022-02-18,-9.4,-17.0,-0.8
2022-02-25,-9.4,-17.0,-0.8
2022-03-04,-9.4,-17.0,0.1
2022-03-11,-9.4,-17.0,0.1
2022-03-18,-9.4,-17.0,0.1
2022-03-25,-9.4,-17.0,0.1
2022-04-01,0.0,-10.4,20.3
2022-04-08,0.0,-10.4,20.3
2022-04-15,0.0,-10.4,20.3
2022-04-22,0.0,-10.4,20.3
2022-04-29,0.0,-10.4,20.3
2022-05-06,0.0,-10.4,-4.8
2022-05-13,0.0,-10.4,-4.8
2022-05-20,0.0,-10.4,-4.8
2022-05-27,0.0,-10.4,-4.8
2022-06-03,0.0,-10.4,-1.1
2022-06-10,0.0,-10.4,-1.1
2022-06-17,0.0,-10.4,-1.1
2022-06-24,0.0,-10.4,-1.1
2022-07-01,22.2,0.0,2.1
2022-07-08,22.2,0.0,2.1
2022-07-15,22.2,0.0,2.1
2022-07-22,22.2,0.0,2.1
2022-07-29,22.2,0.0,2.1
2022-08-05,22.2,0.0,-28.4
2022-08-12,22.2,0.0,-28.4
2022-08-19,22.2,0.0,-28.4
2022-08-26,22.2,0.0,-28.4
2022-09-02,22.2,0.0,-8.9
2022-09-09,22.2,0.0,-8.9
2022-09-16,22.2,0.0,-8.9
2022-09-23,22.2,0.0,-8.9
2022-09-30,22.2,0.0,-8.9
2022-10-07,31.8,18.8,-11.0
2022-10-14,31.8,18.8,-11.0
2022-10-21,31.8,18.8,-11.0
2022-10-28,31.8,18.8,-11.0
2022-11-04,31.8,18.8,-9.6
2022-11-11,31.8,18.8,-9.6
2022-11-18,31.8,18.8,-9.6
2022-11-25,31.8,18.8,-9.6
2022-12-02,31.8,18.8,-9.8
2022-12-09,31.8,18.8,-9.8
2022-12-16,31.8,18.8,-9.8
2022-12-23,31.8,18.8,-9.8
2022-12-30,31.8,18.8,-9.8
2023-01-06,43.8,28.3,-20.9
2023-01-13,43.8,28.3,-20.9
2023-01-20,43.8,28.3,-20.9
2023-01-27,43.8,28.3,-20.9
2023-02-03,43.8,28.3,-9.8
2023-02-10,43.8,28.3,-9.8
2023-02-17,43.8,28.3,-9.8
2023-02-24,43.8,28.3,-9.8
2023-03-03,43.8,28.3,-10.3
2023-03-10,43.8,28.3,-10.3
2023-03-17,43.8,28.3,-10.3
2023-03-24,43.8,28.3,-10.3
2023-03-31,43.8,28.3,-10.3
2023-04-07,46.7,30.4,5.6
2023-04-14,46.7,30.4,5.6
2023-04-21,46.7,30.4,5.6
2023-04-28,46.7,30.4,5.6
2023-05-05,46.7,30.4,-24.6
2023-05-12,46.7,30.4,-24.6
2023-05-19,46.7,30.4,-24.6
2023-05-26,46.7,30.4,-24.6
2023-06-02,46.7,30.4,6.1
2023-06-09,46.7,30.4,6.1
2023-06-16,46.7,30.4,6.1
2023-06-23,46.7,30.4,6.1
2023-06-30,46.7,30.4,6.1
2023-07-07,49.2,36.4,-8.6
2023-07-14,49.2,36.4,-8.6
2023-07-21,49.2,36.4,-8.6
2023-07-28,49.2,36.4,-8.6
2023-08-04,49.2,36.4,-15.4
2023-08-11,49.2,36.4,-15.4
2023-08-18,49.2,36.4,-15.4
2023-08-25,49.2,36.4,-15.4
2023-09-01,49.2,36.4,-5.3
2023-09-08,49.2,36.4,-5.3
2023-09-15,49.2,36.4,-5.3
2023-09-22,49.2,36.4,-5.3
2023-09-29,49.2,36.4,-5.3
2023-10-06,30.4,28.9,-6.5
2023-10-13,30.4,28.9,-6.5
2023-10-20,30.4,28.9,-6.5
2023-10-27,30.4,28.9,-6.5
2023-11-03,30.4,28.9,-6.5
2023-11-10,30.4,28.9,-6.5
2023-11-17,30.4,28.9,-6.5
2023-11-24,30.4,28.9,-6.5
2023-12-01,30.4,28.9,-13.6
2023-12-08,30.4,28.9,-13.6
2023-12-15,30.4,28.9,-13.6
2023-12-22,30.4,28.9,-13.6
2023-12-29,30.4,28.9,-13.6
2024-01-05,18.6,22.9,-29.7
2024-01-12,18.6,22.9,-29.7
2024-01-19,18.6,22.9,-29.7
2024-01-26,18.6,22.9,-29.7
2024-02-02,18.6,22.9,-7.2
2024-02-09,18.6,22.9,-7.2
2024-02-16,18.6,22.9,-7.2
2024-02-23,18.6,22.9,-7.2
2024-03-01,18.6,22.9,-4.7
2024-03-08,18.6,22.9,-4.7
2024-03-15,18.6,22.9,-4.7
2024-03-22,18.6,22.9,-4.7
2024-03-29,18.6,22.9,-4.7
2024-04-05,19.7,21.2,-19.7
2024-04-12,19.7,21.2,-19.7
2024-04-19,19.7,21.2,-19.7
2024-04-26,19.7,21.2,-19.7
2024-05-03,19.7,21.2,-7.0
2024-05-10,19.7,21.2,-7.0
2024-05-17,19.7,21.2,-7.0
2024-05-24,19.7,21.2,-7.0
2024-05-31,19.7,21.2,-7.0
2024-06-07,19.7,21.2,-6.5
2024-06-14,19.7,21.2,-6.5
2024-06-21,19.7,21.2,-6.5
2024-06-28,19.7,21.2,-6.5
2024-07-05,8.2,20.0,-16.7
2024-07-12,8.2,20.0,-16.7
2024-07-19,8.2,20.0,-16.7
2024-07-26,8.2,20.0,-16.7
2024-08-02,8.2,20.0,0.1
2024-08-09,8.2,20.0,0.1
2024-08-16,8.2,20.0,0.1
2024-08-23,8.2,20.0,0.1
2024-08-30,8.2,20.0,0.1
2024-09-06,8.2,20.0,3.8
2024-09-13,8.2,20.0,3.8
2024-09-20,8.2,20.0,3.8
2024-09-27,8.2,20.0,3.8
2024-10-04,13.3,18.4,-14.0
2024-10-11,13.3,18.4,-14.0
2024-10-18,13.3,18.4,-14.0
2024-10-25,13.3,18.4,-14.0
2024-11-01,13.3,18.4,16.8
2024-11-08,13.3,18.4,16.8
2024-11-15,13.3,18.4,16.8
2024-11-22,13.3,18.4,16.8
2024-11-29,13.3,18.4,16.8
2024-12-06,13.3,18.4,2.2
2024-12-13,13.3,18.4,2.2
2024-12-20,13.3,18.4,2.2
2024-12-27,13.3,18.4,2.2
2025-01-03,11.1,9.4,-7.4
2025-01-10,11.1,9.4,-7.4
2025-01-17,11.1,9.4,-7.4
2025-01-24,11.1,9.4,-7.4
2025-01-31,11.1,9.4,-7.4
2025-02-07,11.1,9.4,4.3
2025-02-14,11.1,9.4,4.3
2025-02-21,11.1,9.4,4.3
2025-02-28,11.1,9.4,4.3
2025-03-07,11.1,9.4,-15.7
2025-03-14,11.1,9.4,-15.7
2025-03-21,11.1,9.4,-15.7
2025-03-28,11.1,9.4,-15.7
2025-04-04,15.9,5.6,-8.6
2025-04-11,15.9,5.6,-8.6
2025-04-18,15.9,5.6,-8.6
2025-04-25,15.9,5.6,-8.6
2025-05-02,15.9,5.6,-6.9
2025-05-09,15.9,5.6,-6.9
2025-05-16,15.9,5.6,-6.9
2025-05-23,15.9,5.6,-6.9
2025-05-30,15.9,5.6,-6.9
2025-06-06,15.9,5.6,-14.9
2025-06-13,15.9,5.6,-14.9
2025-06-20,15.9,5.6,-14.9
2025-06-27,15.9,5.6,-14.9
2025-07-04,8.2,10.4,3.1
2025-07-11,8.2,10.4,3.1
2025-07-18,8.2,10.4,3.1
2025-07-25,8.2,10.4,3.1
2025-08-01,8.2,10.4,9.1
2025-08-08,8.2,10.4,9.1
2025-08-15,8.2,10.4,9.1
2025-08-22,8.2,10.4,9.1
2025-08-29,8.2,10.4,9.1
2025-09-05,8.2,10.4,-7.0
2025-09-12,8.2,10.4,-7.0
2025-09-19,8.2,10.4,-7.0
2025-09-26,8.2,10.4,-7.0
2025-10-03,8.3,4.2,7.8
2025-10-10,8.3,4.2,7.8
2025-10-17,8.3,4.2,7.8
2025-10-24,8.3,4.2,7.8
2025-10-31,8.3,4.2,7.8
2025-11-07,8.3,4.2,13.5
2025-11-14,8.3,4.2,13.5
2025-11-21,8.3,4.2,13.5
2025-11-28,8.3,4.2,13.5
2025-12-05,8.3,4.2,-3.7
2025-12-12,8.3,4.2,-3.7
2025-12-19,8.3,4.2,-3.7
2025-12-26,8.3,4.2,-3.7
2026-01-02,8.9,0.0,7.7
2026-01-09,8.9,0.0,7.7
2026-01-16,8.9,0.0,7.7
2026-01-23,8.9,0.0,7.7
2026-01-30,8.9,0.0,7.7
2026-02-06,8.9,0.0,7.1
2026-02-13,8.9,0.0,7.1
2026-02-20,8.9,0.0,7.1
2026-02-27,8.9,0.0,7.1
2026-03-06,8.9,0.0,7.1
