Column ID,EU_ESI,EU_IND_CONF,EU_SVC_CONF
Source Code,Eurostat/ei_bssi_m_r2/M.BS-ESI-I.SA.EA20,Eurostat/ei_bssi_m_r2/M.BS-ICI-BAL.SA.EA20,Eurostat/ei_bssi_m_r2/M.BS-SCI-BAL.SA.EA20
Source,DB.nomics,DB.nomics,DB.nomics
Indicator,EC Economic Sentiment Indicator (EA),EC Industry Confidence (EA),EC Services Confidence (EA)
Region,EA,EA,EA
Units,Index (long-run avg = 100),Balance (% points),Balance (% points)
Frequency,Weekly (from Monthly ffill),Weekly (from Monthly ffill),Weekly (from Monthly ffill)
Last Updated,2026-04-23 15:59 UTC,2026-04-23 15:59 UTC,2026-04-23 15:59 UTC
Date,EU_ESI,EU_IND_CONF,EU_SVC_CONF
1999-12-31,114.8000,2.3000,32.0000
2000-01-07,114.8000,2.3000,32.0000
2000-01-14,114.8000,2.3000,32.0000
2000-01-21,114.8000,2.3000,32.0000
2000-01-28,114.8000,2.3000,32.0000
2000-02-04,115.2000,2.3000,30.8000
2000-02-11,115.2000,2.3000,30.8000
2000-02-18,115.2000,2.3000,30.8000
2000-02-25,115.2000,2.3000,30.8000
2000-03-03,117.8000,4.1000,34.1000
2000-03-10,117.8000,4.1000,34.1000
2000-03-17,117.8000,4.1000,34.1000
2000-03-24,117.8000,4.1000,34.1000
2000-03-31,118.6000,5.8000,35.1000
2000-04-07,118.6000,5.8000,35.1000
2000-04-14,118.6000,5.8000,35.1000
2000-04-21,118.6000,5.8000,35.1000
2000-04-28,118.6000,5.8000,35.1000
2000-05-05,116.9000,5.6000,29.7000
2000-05-12,116.9000,5.6000,29.7000
2000-05-19,116.9000,5.6000,29.7000
2000-05-26,116.9000,5.6000,29.7000
2000-06-02,118.2000,6.7000,31.0000
2000-06-09,118.2000,6.7000,31.0000
2000-06-16,118.2000,6.7000,31.0000
2000-06-23,118.2000,6.7000,31.0000
2000-06-30,116.1000,6.9000,29.1000
2000-07-07,116.1000,6.9000,29.1000
2000-07-14,116.1000,6.9000,29.1000
2000-07-21,116.1000,6.9000,29.1000
2000-07-28,116.1000,6.9000,29.1000
2000-08-04,116.7000,6.4000,29.8000
2000-08-11,116.7000,6.4000,29.8000
2000-08-18,116.7000,6.4000,29.8000
2000-08-25,116.7000,6.4000,29.8000
2000-09-01,117.2000,6.3000,30.9000
2000-09-08,117.2000,6.3000,30.9000
2000-09-15,117.2000,6.3000,30.9000
2000-09-22,117.2000,6.3000,30.9000
2000-09-29,117.2000,6.3000,30.9000
2000-10-06,114.6000,6.3000,28.4000
2000-10-13,114.6000,6.3000,28.4000
2000-10-20,114.6000,6.3000,28.4000
2000-10-27,114.6000,6.3000,28.4000
2000-11-03,115.9000,5.6000,31.5000
2000-11-10,115.9000,5.6000,31.5000
2000-11-17,115.9000,5.6000,31.5000
2000-11-24,115.9000,5.6000,31.5000
2000-12-01,115.1000,5.1000,28.0000
2000-12-08,115.1000,5.1000,28.0000
2000-12-15,115.1000,5.1000,28.0000
2000-12-22,115.1000,5.1000,28.0000
2000-12-29,115.1000,5.1000,28.0000
2001-01-05,114.3000,4.1000,27.3000
2001-01-12,114.3000,4.1000,27.3000
2001-01-19,114.3000,4.1000,27.3000
2001-01-26,114.3000,4.1000,27.3000
2001-02-02,113.7000,2.6000,26.9000
2001-02-09,113.7000,2.6000,26.9000
2001-02-16,113.7000,2.6000,26.9000
2001-02-23,113.7000,2.6000,26.9000
2001-03-02,110.1000,0.4000,22.4000
2001-03-09,110.1000,0.4000,22.4000
2001-03-16,110.1000,0.4000,22.4000
2001-03-23,110.1000,0.4000,22.4000
2001-03-30,110.1000,0.4000,22.4000
2001-04-06,108.0000,-2.3000,19.8000
2001-04-13,108.0000,-2.3000,19.8000
2001-04-20,108.0000,-2.3000,19.8000
2001-04-27,108.0000,-2.3000,19.8000
2001-05-04,105.1000,-5.5000,18.7000
2001-05-11,105.1000,-5.5000,18.7000
2001-05-18,105.1000,-5.5000,18.7000
2001-05-25,105.1000,-5.5000,18.7000
2001-06-01,102.8000,-5.8000,14.8000
2001-06-08,102.8000,-5.8000,14.8000
2001-06-15,102.8000,-5.8000,14.8000
2001-06-22,102.8000,-5.8000,14.8000
2001-06-29,102.8000,-5.8000,14.8000
2001-07-06,102.5000,-7.4000,17.1000
2001-07-13,102.5000,-7.4000,17.1000
2001-07-20,102.5000,-7.4000,17.1000
2001-07-27,102.5000,-7.4000,17.1000
2001-08-03,101.9000,-7.7000,14.9000
2001-08-10,101.9000,-7.7000,14.9000
2001-08-17,101.9000,-7.7000,14.9000
2001-08-24,101.9000,-7.7000,14.9000
2001-08-31,100.0000,-8.7000,12.0000
2001-09-07,100.0000,-8.7000,12.0000
2001-09-14,100.0000,-8.7000,12.0000
2001-09-21,100.0000,-8.7000,12.0000
2001-09-28,100.0000,-8.7000,12.0000
2001-10-05,95.9000,-13.3000,7.8000
2001-10-12,95.9000,-13.3000,7.8000
2001-10-19,95.9000,-13.3000,7.8000
2001-10-26,95.9000,-13.3000,7.8000
2001-11-02,92.4000,-15.3000,0.1000
2001-11-09,92.4000,-15.3000,0.1000
2001-11-16,92.4000,-15.3000,0.1000
2001-11-23,92.4000,-15.3000,0.1000
2001-11-30,90.1000,-15.4000,-7.0000
2001-12-07,90.1000,-15.4000,-7.0000
2001-12-14,90.1000,-15.4000,-7.0000
2001-12-21,90.1000,-15.4000,-7.0000
2001-12-28,90.1000,-15.4000,-7.0000
2002-01-04,93.1000,-12.2000,-4.6000
2002-01-11,93.1000,-12.2000,-4.6000
2002-01-18,93.1000,-12.2000,-4.6000
2002-01-25,93.1000,-12.2000,-4.6000
2002-02-01,96.0000,-12.5000,3.7000
2002-02-08,96.0000,-12.5000,3.7000
2002-02-15,96.0000,-12.5000,3.7000
2002-02-22,96.0000,-12.5000,3.7000
2002-03-01,96.7000,-9.9000,3.9000
2002-03-08,96.7000,-9.9000,3.9000
2002-03-15,96.7000,-9.9000,3.9000
2002-03-22,96.7000,-9.9000,3.9000
2002-03-29,96.7000,-9.9000,3.9000
2002-04-05,98.7000,-8.3000,7.1000
2002-04-12,98.7000,-8.3000,7.1000
2002-04-19,98.7000,-8.3000,7.1000
2002-04-26,98.7000,-8.3000,7.1000
2002-05-03,97.9000,-8.3000,6.8000
2002-05-10,97.9000,-8.3000,6.8000
2002-05-17,97.9000,-8.3000,6.8000
2002-05-24,97.9000,-8.3000,6.8000
2002-05-31,98.6000,-6.2000,5.3000
2002-06-07,98.6000,-6.2000,5.3000
2002-06-14,98.6000,-6.2000,5.3000
2002-06-21,98.6000,-6.2000,5.3000
2002-06-28,98.6000,-6.2000,5.3000
2002-07-05,96.4000,-7.4000,2.5000
2002-07-12,96.4000,-7.4000,2.5000
2002-07-19,96.4000,-7.4000,2.5000
2002-07-26,96.4000,-7.4000,2.5000
2002-08-02,95.0000,-8.5000,-0.8000
2002-08-09,95.0000,-8.5000,-0.8000
2002-08-16,95.0000,-8.5000,-0.8000
2002-08-23,95.0000,-8.5000,-0.8000
2002-08-30,95.0000,-8.5000,-0.8000
2002-09-06,92.7000,-9.0000,-6.3000
2002-09-13,92.7000,-9.0000,-6.3000
2002-09-20,92.7000,-9.0000,-6.3000
2002-09-27,92.7000,-9.0000,-6.3000
2002-10-04,94.1000,-8.0000,-3.5000
2002-10-11,94.1000,-8.0000,-3.5000
2002-10-18,94.1000,-8.0000,-3.5000
2002-10-25,94.1000,-8.0000,-3.5000
2002-11-01,92.2000,-8.7000,-6.5000
2002-11-08,92.2000,-8.7000,-6.5000
2002-11-15,92.2000,-8.7000,-6.5000
2002-11-22,92.2000,-8.7000,-6.5000
2002-11-29,92.2000,-8.7000,-6.5000
2002-12-06,92.1000,-8.4000,-5.3000
2002-12-13,92.1000,-8.4000,-5.3000
2002-12-20,92.1000,-8.4000,-5.3000
2002-12-27,92.1000,-8.4000,-5.3000
2003-01-03,91.1000,-9.0000,-5.1000
2003-01-10,91.1000,-9.0000,-5.1000
2003-01-17,91.1000,-9.0000,-5.1000
2003-01-24,91.1000,-9.0000,-5.1000
2003-01-31,91.9000,-9.3000,-3.3000
2003-02-07,91.9000,-9.3000,-3.3000
2003-02-14,91.9000,-9.3000,-3.3000
2003-02-21,91.9000,-9.3000,-3.3000
2003-02-28,92.2000,-8.7000,-3.2000
2003-03-07,92.2000,-8.7000,-3.2000
2003-03-14,92.2000,-8.7000,-3.2000
2003-03-21,92.2000,-8.7000,-3.2000
2003-03-28,92.2000,-8.7000,-3.2000
2003-04-04,90.4000,-10.8000,-4.3000
2003-04-11,90.4000,-10.8000,-4.3000
2003-04-18,90.4000,-10.8000,-4.3000
2003-04-25,90.4000,-10.8000,-4.3000
2003-05-02,91.2000,-11.1000,-3.0000
2003-05-09,91.2000,-11.1000,-3.0000
2003-05-16,91.2000,-11.1000,-3.0000
2003-05-23,91.2000,-11.1000,-3.0000
2003-05-30,91.2000,-11.1000,-3.0000
2003-06-06,91.0000,-11.7000,-3.3000
2003-06-13,91.0000,-11.7000,-3.3000
2003-06-20,91.0000,-11.7000,-3.3000
2003-06-27,91.0000,-11.7000,-3.3000
2003-07-04,92.0000,-12.2000,-1.1000
2003-07-11,92.0000,-12.2000,-1.1000
2003-07-18,92.0000,-12.2000,-1.1000
2003-07-25,92.0000,-12.2000,-1.1000
2003-08-01,92.6000,-12.2000,0.9000
2003-08-08,92.6000,-12.2000,0.9000
2003-08-15,92.6000,-12.2000,0.9000
2003-08-22,92.6000,-12.2000,0.9000
2003-08-29,92.6000,-12.2000,0.9000
2003-09-05,94.7000,-9.4000,2.8000
2003-09-12,94.7000,-9.4000,2.8000
2003-09-19,94.7000,-9.4000,2.8000
2003-09-26,94.7000,-9.4000,2.8000
2003-10-03,95.3000,-8.6000,3.5000
2003-10-10,95.3000,-8.6000,3.5000
2003-10-17,95.3000,-8.6000,3.5000
2003-10-24,95.3000,-8.6000,3.5000
2003-10-31,97.0000,-7.0000,5.6000
2003-11-07,97.0000,-7.0000,5.6000
2003-11-14,97.0000,-7.0000,5.6000
2003-11-21,97.0000,-7.0000,5.6000
2003-11-28,97.0000,-7.0000,5.6000
2003-12-05,98.9000,-4.9000,5.4000
2003-12-12,98.9000,-4.9000,5.4000
2003-12-19,98.9000,-4.9000,5.4000
2003-12-26,98.9000,-4.9000,5.4000
2004-01-02,98.5000,-6.1000,8.8000
2004-01-09,98.5000,-6.1000,8.8000
2004-01-16,98.5000,-6.1000,8.8000
2004-01-23,98.5000,-6.1000,8.8000
2004-01-30,98.5000,-6.1000,8.8000
2004-02-06,98.2000,-5.5000,6.7000
2004-02-13,98.2000,-5.5000,6.7000
2004-02-20,98.2000,-5.5000,6.7000
2004-02-27,98.2000,-5.5000,6.7000
2004-03-05,99.7000,-5.4000,10.4000
2004-03-12,99.7000,-5.4000,10.4000
2004-03-19,99.7000,-5.4000,10.4000
2004-03-26,99.7000,-5.4000,10.4000
2004-04-02,99.0000,-5.3000,7.0000
2004-04-09,99.0000,-5.3000,7.0000
2004-04-16,99.0000,-5.3000,7.0000
2004-04-23,99.0000,-5.3000,7.0000
2004-04-30,99.4000,-3.6000,6.4000
2004-05-07,99.4000,-3.6000,6.4000
2004-05-14,99.4000,-3.6000,6.4000
2004-05-21,99.4000,-3.6000,6.4000
2004-05-28,99.4000,-3.6000,6.4000
2004-06-04,99.9000,-2.8000,6.0000
2004-06-11,99.9000,-2.8000,6.0000
2004-06-18,99.9000,-2.8000,6.0000
2004-06-25,99.9000,-2.8000,6.0000
2004-07-02,100.0000,-2.7000,7.5000
2004-07-09,100.0000,-2.7000,7.5000
2004-07-16,100.0000,-2.7000,7.5000
2004-07-23,100.0000,-2.7000,7.5000
2004-07-30,100.0000,-2.7000,7.5000
2004-08-06,100.2000,-2.8000,8.4000
2004-08-13,100.2000,-2.8000,8.4000
2004-08-20,100.2000,-2.8000,8.4000
2004-08-27,100.2000,-2.8000,8.4000
2004-09-03,99.3000,-3.0000,5.6000
2004-09-10,99.3000,-3.0000,5.6000
2004-09-17,99.3000,-3.0000,5.6000
2004-09-24,99.3000,-3.0000,5.6000
2004-10-01,100.5000,-2.7000,8.6000
2004-10-08,100.5000,-2.7000,8.6000
2004-10-15,100.5000,-2.7000,8.6000
2004-10-22,100.5000,-2.7000,8.6000
2004-10-29,100.5000,-2.7000,8.6000
2004-11-05,100.9000,-2.2000,7.9000
2004-11-12,100.9000,-2.2000,7.9000
2004-11-19,100.9000,-2.2000,7.9000
2004-11-26,100.9000,-2.2000,7.9000
2004-12-03,99.6000,-3.2000,7.8000
2004-12-10,99.6000,-3.2000,7.8000
2004-12-17,99.6000,-3.2000,7.8000
2004-12-24,99.6000,-3.2000,7.8000
2004-12-31,99.3000,-3.3000,5.8000
2005-01-07,99.3000,-3.3000,5.8000
2005-01-14,99.3000,-3.3000,5.8000
2005-01-21,99.3000,-3.3000,5.8000
2005-01-28,99.3000,-3.3000,5.8000
2005-02-04,100.4000,-4.1000,9.6000
2005-02-11,100.4000,-4.1000,9.6000
2005-02-18,100.4000,-4.1000,9.6000
2005-02-25,100.4000,-4.1000,9.6000
2005-03-04,99.2000,-5.1000,6.8000
2005-03-11,99.2000,-5.1000,6.8000
2005-03-18,99.2000,-5.1000,6.8000
2005-03-25,99.2000,-5.1000,6.8000
2005-04-01,98.3000,-6.8000,7.3000
2005-04-08,98.3000,-6.8000,7.3000
2005-04-15,98.3000,-6.8000,7.3000
2005-04-22,98.3000,-6.8000,7.3000
2005-04-29,98.3000,-6.8000,7.3000
2005-05-06,98.1000,-8.0000,8.5000
2005-05-13,98.1000,-8.0000,8.5000
2005-05-20,98.1000,-8.0000,8.5000
2005-05-27,98.1000,-8.0000,8.5000
2005-06-03,97.0000,-8.6000,9.4000
2005-06-10,97.0000,-8.6000,9.4000
2005-06-17,97.0000,-8.6000,9.4000
2005-06-24,97.0000,-8.6000,9.4000
2005-07-01,97.2000,-8.3000,9.1000
2005-07-08,97.2000,-8.3000,9.1000
2005-07-15,97.2000,-8.3000,9.1000
2005-07-22,97.2000,-8.3000,9.1000
2005-07-29,97.2000,-8.3000,9.1000
2005-08-05,98.5000,-6.4000,10.0000
2005-08-12,98.5000,-6.4000,10.0000
2005-08-19,98.5000,-6.4000,10.0000
2005-08-26,98.5000,-6.4000,10.0000
2005-09-02,99.7000,-5.5000,9.4000
2005-09-09,99.7000,-5.5000,9.4000
2005-09-16,99.7000,-5.5000,9.4000
2005-09-23,99.7000,-5.5000,9.4000
2005-09-30,100.4000,-4.1000,10.4000
2005-10-07,100.4000,-4.1000,10.4000
2005-10-14,100.4000,-4.1000,10.4000
2005-10-21,100.4000,-4.1000,10.4000
2005-10-28,100.4000,-4.1000,10.4000
2005-11-04,102.3000,-2.5000,12.5000
2005-11-11,102.3000,-2.5000,12.5000
2005-11-18,102.3000,-2.5000,12.5000
2005-11-25,102.3000,-2.5000,12.5000
2005-12-02,102.4000,-2.7000,13.3000
2005-12-09,102.4000,-2.7000,13.3000
2005-12-16,102.4000,-2.7000,13.3000
2005-12-23,102.4000,-2.7000,13.3000
2005-12-30,102.4000,-2.7000,13.3000
2006-01-06,103.6000,-1.5000,13.5000
2006-01-13,103.6000,-1.5000,13.5000
2006-01-20,103.6000,-1.5000,13.5000
2006-01-27,103.6000,-1.5000,13.5000
2006-02-03,105.5000,-0.8000,15.3000
2006-02-10,105.5000,-0.8000,15.3000
2006-02-17,105.5000,-0.8000,15.3000
2006-02-24,105.5000,-0.8000,15.3000
2006-03-03,105.4000,0.8000,12.9000
2006-03-10,105.4000,0.8000,12.9000
2006-03-17,105.4000,0.8000,12.9000
2006-03-24,105.4000,0.8000,12.9000
2006-03-31,106.4000,1.5000,14.6000
2006-04-07,106.4000,1.5000,14.6000
2006-04-14,106.4000,1.5000,14.6000
2006-04-21,106.4000,1.5000,14.6000
2006-04-28,106.4000,1.5000,14.6000
2006-05-05,108.1000,3.2000,16.1000
2006-05-12,108.1000,3.2000,16.1000
2006-05-19,108.1000,3.2000,16.1000
2006-05-26,108.1000,3.2000,16.1000
2006-06-02,108.5000,3.4000,17.2000
2006-06-09,108.5000,3.4000,17.2000
2006-06-16,108.5000,3.4000,17.2000
2006-06-23,108.5000,3.4000,17.2000
2006-06-30,108.7000,4.6000,16.6000
2006-07-07,108.7000,4.6000,16.6000
2006-07-14,108.7000,4.6000,16.6000
2006-07-21,108.7000,4.6000,16.6000
2006-07-28,108.7000,4.6000,16.6000
2006-08-04,109.2000,4.8000,16.2000
2006-08-11,109.2000,4.8000,16.2000
2006-08-18,109.2000,4.8000,16.2000
2006-08-25,109.2000,4.8000,16.2000
2006-09-01,109.6000,4.3000,17.4000
2006-09-08,109.6000,4.3000,17.4000
2006-09-15,109.6000,4.3000,17.4000
2006-09-22,109.6000,4.3000,17.4000
2006-09-29,109.6000,4.3000,17.4000
2006-10-06,110.2000,5.9000,15.9000
2006-10-13,110.2000,5.9000,15.9000
2006-10-20,110.2000,5.9000,15.9000
2006-10-27,110.2000,5.9000,15.9000
2006-11-03,110.9000,6.5000,17.6000
2006-11-10,110.9000,6.5000,17.6000
2006-11-17,110.9000,6.5000,17.6000
2006-11-24,110.9000,6.5000,17.6000
2006-12-01,111.1000,7.2000,17.2000
2006-12-08,111.1000,7.2000,17.2000
2006-12-15,111.1000,7.2000,17.2000
2006-12-22,111.1000,7.2000,17.2000
2006-12-29,111.1000,7.2000,17.2000
2007-01-05,112.5000,7.8000,18.9000
2007-01-12,112.5000,7.8000,18.9000
2007-01-19,112.5000,7.8000,18.9000
2007-01-26,112.5000,7.8000,18.9000
2007-02-02,110.9000,6.6000,18.1000
2007-02-09,110.9000,6.6000,18.1000
2007-02-16,110.9000,6.6000,18.1000
2007-02-23,110.9000,6.6000,18.1000
2007-03-02,111.3000,7.0000,17.6000
2007-03-09,111.3000,7.0000,17.6000
2007-03-16,111.3000,7.0000,17.6000
2007-03-23,111.3000,7.0000,17.6000
2007-03-30,111.3000,7.0000,17.6000
2007-04-06,111.9000,7.0000,19.5000
2007-04-13,111.9000,7.0000,19.5000
2007-04-20,111.9000,7.0000,19.5000
2007-04-27,111.9000,7.0000,19.5000
2007-05-04,111.9000,6.8000,19.7000
2007-05-11,111.9000,6.8000,19.7000
2007-05-18,111.9000,6.8000,19.7000
2007-05-25,111.9000,6.8000,19.7000
2007-06-01,111.6000,6.6000,17.6000
2007-06-08,111.6000,6.6000,17.6000
2007-06-15,111.6000,6.6000,17.6000
2007-06-22,111.6000,6.6000,17.6000
2007-06-29,111.6000,6.6000,17.6000
2007-07-06,111.4000,6.4000,17.5000
2007-07-13,111.4000,6.4000,17.5000
2007-07-20,111.4000,6.4000,17.5000
2007-07-27,111.4000,6.4000,17.5000
2007-08-03,111.0000,5.6000,17.3000
2007-08-10,111.0000,5.6000,17.3000
2007-08-17,111.0000,5.6000,17.3000
2007-08-24,111.0000,5.6000,17.3000
2007-08-31,110.0000,5.2000,17.3000
2007-09-07,110.0000,5.2000,17.3000
2007-09-14,110.0000,5.2000,17.3000
2007-09-21,110.0000,5.2000,17.3000
2007-09-28,110.0000,5.2000,17.3000
2007-10-05,108.0000,4.6000,14.9000
2007-10-12,108.0000,4.6000,14.9000
2007-10-19,108.0000,4.6000,14.9000
2007-10-26,108.0000,4.6000,14.9000
2007-11-02,107.5000,4.2000,14.5000
2007-11-09,107.5000,4.2000,14.5000
2007-11-16,107.5000,4.2000,14.5000
2007-11-23,107.5000,4.2000,14.5000
2007-11-30,106.7000,5.5000,12.5000
2007-12-07,106.7000,5.5000,12.5000
2007-12-14,106.7000,5.5000,12.5000
2007-12-21,106.7000,5.5000,12.5000
2007-12-28,106.7000,5.5000,12.5000
2008-01-04,105.7000,4.7000,12.1000
2008-01-11,105.7000,4.7000,12.1000
2008-01-18,105.7000,4.7000,12.1000
2008-01-25,105.7000,4.7000,12.1000
2008-02-01,104.4000,3.5000,11.9000
2008-02-08,104.4000,3.5000,11.9000
2008-02-15,104.4000,3.5000,11.9000
2008-02-22,104.4000,3.5000,11.9000
2008-02-29,102.9000,2.1000,10.5000
2008-03-07,102.9000,2.1000,10.5000
2008-03-14,102.9000,2.1000,10.5000
2008-03-21,102.9000,2.1000,10.5000
2008-03-28,102.9000,2.1000,10.5000
2008-04-04,102.1000,1.9000,8.8000
2008-04-11,102.1000,1.9000,8.8000
2008-04-18,102.1000,1.9000,8.8000
2008-04-25,102.1000,1.9000,8.8000
2008-05-02,99.7000,-0.6000,7.4000
2008-05-09,99.7000,-0.6000,7.4000
2008-05-16,99.7000,-0.6000,7.4000
2008-05-23,99.7000,-0.6000,7.4000
2008-05-30,99.7000,-0.6000,7.4000
2008-06-06,99.0000,-1.7000,8.2000
2008-06-13,99.0000,-1.7000,8.2000
2008-06-20,99.0000,-1.7000,8.2000
2008-06-27,99.0000,-1.7000,8.2000
2008-07-04,94.9000,-4.0000,5.4000
2008-07-11,94.9000,-4.0000,5.4000
2008-07-18,94.9000,-4.0000,5.4000
2008-07-25,94.9000,-4.0000,5.4000
2008-08-01,91.8000,-6.2000,2.0000
2008-08-08,91.8000,-6.2000,2.0000
2008-08-15,91.8000,-6.2000,2.0000
2008-08-22,91.8000,-6.2000,2.0000
2008-08-29,91.8000,-6.2000,2.0000
2008-09-05,89.9000,-8.1000,-2.9000
2008-09-12,89.9000,-8.1000,-2.9000
2008-09-19,89.9000,-8.1000,-2.9000
2008-09-26,89.9000,-8.1000,-2.9000
2008-10-03,88.9000,-10.8000,-3.2000
2008-10-10,88.9000,-10.8000,-3.2000
2008-10-17,88.9000,-10.8000,-3.2000
2008-10-24,88.9000,-10.8000,-3.2000
2008-10-31,82.4000,-17.3000,-8.1000
2008-11-07,82.4000,-17.3000,-8.1000
2008-11-14,82.4000,-17.3000,-8.1000
2008-11-21,82.4000,-17.3000,-8.1000
2008-11-28,82.4000,-17.3000,-8.1000
2008-12-05,77.2000,-25.5000,-11.3000
2008-12-12,77.2000,-25.5000,-11.3000
2008-12-19,77.2000,-25.5000,-11.3000
2008-12-26,77.2000,-25.5000,-11.3000
2009-01-02,70.4000,-32.8000,-16.7000
2009-01-09,70.4000,-32.8000,-16.7000
2009-01-16,70.4000,-32.8000,-16.7000
2009-01-23,70.4000,-32.8000,-16.7000
2009-01-30,70.4000,-32.8000,-16.7000
2009-02-06,70.7000,-32.3000,-18.5000
2009-02-13,70.7000,-32.3000,-18.5000
2009-02-20,70.7000,-32.3000,-18.5000
2009-02-27,70.7000,-32.3000,-18.5000
2009-03-06,68.3000,-35.6000,-20.3000
2009-03-13,68.3000,-35.6000,-20.3000
2009-03-20,68.3000,-35.6000,-20.3000
2009-03-27,68.3000,-35.6000,-20.3000
2009-04-03,67.3000,-36.7000,-23.3000
2009-04-10,67.3000,-36.7000,-23.3000
2009-04-17,67.3000,-36.7000,-23.3000
2009-04-24,67.3000,-36.7000,-23.3000
2009-05-01,69.7000,-33.6000,-22.6000
2009-05-08,69.7000,-33.6000,-22.6000
2009-05-15,69.7000,-33.6000,-22.6000
2009-05-22,69.7000,-33.6000,-22.6000
2009-05-29,69.7000,-33.6000,-22.6000
2009-06-05,73.8000,-31.0000,-18.9000
2009-06-12,73.8000,-31.0000,-18.9000
2009-06-19,73.8000,-31.0000,-18.9000
2009-06-26,73.8000,-31.0000,-18.9000
2009-07-03,76.5000,-28.7000,-16.4000
2009-07-10,76.5000,-28.7000,-16.4000
2009-07-17,76.5000,-28.7000,-16.4000
2009-07-24,76.5000,-28.7000,-16.4000
2009-07-31,79.5000,-25.9000,-14.4000
2009-08-07,79.5000,-25.9000,-14.4000
2009-08-14,79.5000,-25.9000,-14.4000
2009-08-21,79.5000,-25.9000,-14.4000
2009-08-28,79.5000,-25.9000,-14.4000
2009-09-04,84.4000,-21.8000,-8.5000
2009-09-11,84.4000,-21.8000,-8.5000
2009-09-18,84.4000,-21.8000,-8.5000
2009-09-25,84.4000,-21.8000,-8.5000
2009-10-02,87.1000,-19.8000,-6.3000
2009-10-09,87.1000,-19.8000,-6.3000
2009-10-16,87.1000,-19.8000,-6.3000
2009-10-23,87.1000,-19.8000,-6.3000
2009-10-30,87.1000,-19.8000,-6.3000
2009-11-06,89.4000,-17.1000,-5.6000
2009-11-13,89.4000,-17.1000,-5.6000
2009-11-20,89.4000,-17.1000,-5.6000
2009-11-27,89.4000,-17.1000,-5.6000
2009-12-04,90.6000,-16.2000,-3.8000
2009-12-11,90.6000,-16.2000,-3.8000
2009-12-18,90.6000,-16.2000,-3.8000
2009-12-25,90.6000,-16.2000,-3.8000
2010-01-01,92.3000,-14.8000,-1.7000
2010-01-08,92.3000,-14.8000,-1.7000
2010-01-15,92.3000,-14.8000,-1.7000
2010-01-22,92.3000,-14.8000,-1.7000
2010-01-29,92.3000,-14.8000,-1.7000
2010-02-05,93.3000,-13.3000,-0.2000
2010-02-12,93.3000,-13.3000,-0.2000
2010-02-19,93.3000,-13.3000,-0.2000
2010-02-26,93.3000,-13.3000,-0.2000
2010-03-05,92.9000,-12.6000,0.0000
2010-03-12,92.9000,-12.6000,0.0000
2010-03-19,92.9000,-12.6000,0.0000
2010-03-26,92.9000,-12.6000,0.0000
2010-04-02,94.7000,-9.8000,0.7000
2010-04-09,94.7000,-9.8000,0.7000
2010-04-16,94.7000,-9.8000,0.7000
2010-04-23,94.7000,-9.8000,0.7000
2010-04-30,98.4000,-6.9000,5.4000
2010-05-07,98.4000,-6.9000,5.4000
2010-05-14,98.4000,-6.9000,5.4000
2010-05-21,98.4000,-6.9000,5.4000
2010-05-28,98.4000,-6.9000,5.4000
2010-06-04,96.8000,-5.5000,3.0000
2010-06-11,96.8000,-5.5000,3.0000
2010-06-18,96.8000,-5.5000,3.0000
2010-06-25,96.8000,-5.5000,3.0000
2010-07-02,96.8000,-4.9000,3.0000
2010-07-09,96.8000,-4.9000,3.0000
2010-07-16,96.8000,-4.9000,3.0000
2010-07-23,96.8000,-4.9000,3.0000
2010-07-30,96.8000,-4.9000,3.0000
2010-08-06,98.9000,-2.8000,5.1000
2010-08-13,98.9000,-2.8000,5.1000
2010-08-20,98.9000,-2.8000,5.1000
2010-08-27,98.9000,-2.8000,5.1000
2010-09-03,100.3000,-1.6000,5.2000
2010-09-10,100.3000,-1.6000,5.2000
2010-09-17,100.3000,-1.6000,5.2000
2010-09-24,100.3000,-1.6000,5.2000
2010-10-01,101.4000,-0.9000,7.0000
2010-10-08,101.4000,-0.9000,7.0000
2010-10-15,101.4000,-0.9000,7.0000
2010-10-22,101.4000,-0.9000,7.0000
2010-10-29,101.4000,-0.9000,7.0000
2010-11-05,101.8000,0.4000,7.2000
2010-11-12,101.8000,0.4000,7.2000
2010-11-19,101.8000,0.4000,7.2000
2010-11-26,101.8000,0.4000,7.2000
2010-12-03,102.4000,0.4000,7.5000
2010-12-10,102.4000,0.4000,7.5000
2010-12-17,102.4000,0.4000,7.5000
2010-12-24,102.4000,0.4000,7.5000
2010-12-31,103.2000,2.3000,7.3000
2011-01-07,103.2000,2.3000,7.3000
2011-01-14,103.2000,2.3000,7.3000
2011-01-21,103.2000,2.3000,7.3000
2011-01-28,103.2000,2.3000,7.3000
2011-02-04,103.0000,3.2000,6.8000
2011-02-11,103.0000,3.2000,6.8000
2011-02-18,103.0000,3.2000,6.8000
2011-02-25,103.0000,3.2000,6.8000
2011-03-04,103.6000,3.0000,8.5000
2011-03-11,103.6000,3.0000,8.5000
2011-03-18,103.6000,3.0000,8.5000
2011-03-25,103.6000,3.0000,8.5000
2011-04-01,103.1000,3.5000,7.3000
2011-04-08,103.1000,3.5000,7.3000
2011-04-15,103.1000,3.5000,7.3000
2011-04-22,103.1000,3.5000,7.3000
2011-04-29,103.1000,3.5000,7.3000
2011-05-06,102.5000,3.4000,7.5000
2011-05-13,102.5000,3.4000,7.5000
2011-05-20,102.5000,3.4000,7.5000
2011-05-27,102.5000,3.4000,7.5000
2011-06-03,101.9000,1.9000,8.3000
2011-06-10,101.9000,1.9000,8.3000
2011-06-17,101.9000,1.9000,8.3000
2011-06-24,101.9000,1.9000,8.3000
2011-07-01,101.7000,1.3000,8.6000
2011-07-08,101.7000,1.3000,8.6000
2011-07-15,101.7000,1.3000,8.6000
2011-07-22,101.7000,1.3000,8.6000
2011-07-29,101.7000,1.3000,8.6000
2011-08-05,100.1000,-0.7000,7.4000
2011-08-12,100.1000,-0.7000,7.4000
2011-08-19,100.1000,-0.7000,7.4000
2011-08-26,100.1000,-0.7000,7.4000
2011-09-02,96.9000,-3.0000,5.0000
2011-09-09,96.9000,-3.0000,5.0000
2011-09-16,96.9000,-3.0000,5.0000
2011-09-23,96.9000,-3.0000,5.0000
2011-09-30,94.3000,-5.5000,1.4000
2011-10-07,94.3000,-5.5000,1.4000
2011-10-14,94.3000,-5.5000,1.4000
2011-10-21,94.3000,-5.5000,1.4000
2011-10-28,94.3000,-5.5000,1.4000
2011-11-04,93.5000,-5.4000,1.4000
2011-11-11,93.5000,-5.4000,1.4000
2011-11-18,93.5000,-5.4000,1.4000
2011-11-25,93.5000,-5.4000,1.4000
2011-12-02,92.7000,-7.2000,-0.1000
2011-12-09,92.7000,-7.2000,-0.1000
2011-12-16,92.7000,-7.2000,-0.1000
2011-12-23,92.7000,-7.2000,-0.1000
2011-12-30,92.7000,-7.2000,-0.1000
2012-01-06,91.1000,-7.6000,-2.1000
2012-01-13,91.1000,-7.6000,-2.1000
2012-01-20,91.1000,-7.6000,-2.1000
2012-01-27,91.1000,-7.6000,-2.1000
2012-02-03,91.4000,-6.9000,-2.6000
2012-02-10,91.4000,-6.9000,-2.6000
2012-02-17,91.4000,-6.9000,-2.6000
2012-02-24,91.4000,-6.9000,-2.6000
2012-03-02,92.0000,-6.8000,-1.8000
2012-03-09,92.0000,-6.8000,-1.8000
2012-03-16,92.0000,-6.8000,-1.8000
2012-03-23,92.0000,-6.8000,-1.8000
2012-03-30,92.0000,-6.8000,-1.8000
2012-04-06,92.6000,-7.6000,-0.7000
2012-04-13,92.6000,-7.6000,-0.7000
2012-04-20,92.6000,-7.6000,-0.7000
2012-04-27,92.6000,-7.6000,-0.7000
2012-05-04,91.8000,-7.8000,-1.6000
2012-05-11,91.8000,-7.8000,-1.6000
2012-05-18,91.8000,-7.8000,-1.6000
2012-05-25,91.8000,-7.8000,-1.6000
2012-06-01,90.0000,-9.5000,-2.9000
2012-06-08,90.0000,-9.5000,-2.9000
2012-06-15,90.0000,-9.5000,-2.9000
2012-06-22,90.0000,-9.5000,-2.9000
2012-06-29,90.0000,-9.5000,-2.9000
2012-07-06,89.8000,-9.8000,-4.6000
2012-07-13,89.8000,-9.8000,-4.6000
2012-07-20,89.8000,-9.8000,-4.6000
2012-07-27,89.8000,-9.8000,-4.6000
2012-08-03,88.0000,-11.3000,-5.7000
2012-08-10,88.0000,-11.3000,-5.7000
2012-08-17,88.0000,-11.3000,-5.7000
2012-08-24,88.0000,-11.3000,-5.7000
2012-08-31,87.1000,-11.7000,-7.0000
2012-09-07,87.1000,-11.7000,-7.0000
2012-09-14,87.1000,-11.7000,-7.0000
2012-09-21,87.1000,-11.7000,-7.0000
2012-09-28,87.1000,-11.7000,-7.0000
2012-10-05,85.8000,-12.0000,-8.4000
2012-10-12,85.8000,-12.0000,-8.4000
2012-10-19,85.8000,-12.0000,-8.4000
2012-10-26,85.8000,-12.0000,-8.4000
2012-11-02,85.1000,-14.6000,-7.4000
2012-11-09,85.1000,-14.6000,-7.4000
2012-11-16,85.1000,-14.6000,-7.4000
2012-11-23,85.1000,-14.6000,-7.4000
2012-11-30,86.2000,-12.6000,-7.7000
2012-12-07,86.2000,-12.6000,-7.7000
2012-12-14,86.2000,-12.6000,-7.7000
2012-12-21,86.2000,-12.6000,-7.7000
2012-12-28,86.2000,-12.6000,-7.7000
2013-01-04,86.5000,-11.6000,-7.0000
2013-01-11,86.5000,-11.6000,-7.0000
2013-01-18,86.5000,-11.6000,-7.0000
2013-01-25,86.5000,-11.6000,-7.0000
2013-02-01,88.3000,-11.4000,-5.3000
2013-02-08,88.3000,-11.4000,-5.3000
2013-02-15,88.3000,-11.4000,-5.3000
2013-02-22,88.3000,-11.4000,-5.3000
2013-03-01,88.8000,-9.4000,-6.0000
2013-03-08,88.8000,-9.4000,-6.0000
2013-03-15,88.8000,-9.4000,-6.0000
2013-03-22,88.8000,-9.4000,-6.0000
2013-03-29,88.8000,-9.4000,-6.0000
2013-04-05,88.6000,-10.3000,-5.8000
2013-04-12,88.6000,-10.3000,-5.8000
2013-04-19,88.6000,-10.3000,-5.8000
2013-04-26,88.6000,-10.3000,-5.8000
2013-05-03,87.7000,-11.3000,-8.0000
2013-05-10,87.7000,-11.3000,-8.0000
2013-05-17,87.7000,-11.3000,-8.0000
2013-05-24,87.7000,-11.3000,-8.0000
2013-05-31,88.3000,-10.4000,-6.6000
2013-06-07,88.3000,-10.4000,-6.6000
2013-06-14,88.3000,-10.4000,-6.6000
2013-06-21,88.3000,-10.4000,-6.6000
2013-06-28,88.3000,-10.4000,-6.6000
2013-07-05,89.6000,-8.8000,-5.1000
2013-07-12,89.6000,-8.8000,-5.1000
2013-07-19,89.6000,-8.8000,-5.1000
2013-07-26,89.6000,-8.8000,-5.1000
2013-08-02,90.5000,-8.3000,-4.0000
2013-08-09,90.5000,-8.3000,-4.0000
2013-08-16,90.5000,-8.3000,-4.0000
2013-08-23,90.5000,-8.3000,-4.0000
2013-08-30,90.5000,-8.3000,-4.0000
2013-09-06,93.2000,-5.5000,-1.7000
2013-09-13,93.2000,-5.5000,-1.7000
2013-09-20,93.2000,-5.5000,-1.7000
2013-09-27,93.2000,-5.5000,-1.7000
2013-10-04,95.8000,-4.6000,0.4000
2013-10-11,95.8000,-4.6000,0.4000
2013-10-18,95.8000,-4.6000,0.4000
2013-10-25,95.8000,-4.6000,0.4000
2013-11-01,95.7000,-3.7000,0.3000
2013-11-08,95.7000,-3.7000,0.3000
2013-11-15,95.7000,-3.7000,0.3000
2013-11-22,95.7000,-3.7000,0.3000
2013-11-29,95.7000,-3.7000,0.3000
2013-12-06,96.9000,-3.1000,2.2000
2013-12-13,96.9000,-3.1000,2.2000
2013-12-20,96.9000,-3.1000,2.2000
2013-12-27,96.9000,-3.1000,2.2000
2014-01-03,97.7000,-2.8000,2.3000
2014-01-10,97.7000,-2.8000,2.3000
2014-01-17,97.7000,-2.8000,2.3000
2014-01-24,97.7000,-2.8000,2.3000
2014-01-31,98.6000,-2.5000,3.8000
2014-02-07,98.6000,-2.5000,3.8000
2014-02-14,98.6000,-2.5000,3.8000
2014-02-21,98.6000,-2.5000,3.8000
2014-02-28,99.0000,-2.3000,3.5000
2014-03-07,99.0000,-2.3000,3.5000
2014-03-14,99.0000,-2.3000,3.5000
2014-03-21,99.0000,-2.3000,3.5000
2014-03-28,99.0000,-2.3000,3.5000
2014-04-04,100.0000,-2.1000,5.7000
2014-04-11,100.0000,-2.1000,5.7000
2014-04-18,100.0000,-2.1000,5.7000
2014-04-25,100.0000,-2.1000,5.7000
2014-05-02,99.5000,-2.2000,5.2000
2014-05-09,99.5000,-2.2000,5.2000
2014-05-16,99.5000,-2.2000,5.2000
2014-05-23,99.5000,-2.2000,5.2000
2014-05-30,99.5000,-2.2000,5.2000
2014-06-06,99.5000,-2.8000,4.9000
2014-06-13,99.5000,-2.8000,4.9000
2014-06-20,99.5000,-2.8000,4.9000
2014-06-27,99.5000,-2.8000,4.9000
2014-07-04,98.9000,-4.2000,5.4000
2014-07-11,98.9000,-4.2000,5.4000
2014-07-18,98.9000,-4.2000,5.4000
2014-07-25,98.9000,-4.2000,5.4000
2014-08-01,98.8000,-3.6000,5.1000
2014-08-08,98.8000,-3.6000,5.1000
2014-08-15,98.8000,-3.6000,5.1000
2014-08-22,98.8000,-3.6000,5.1000
2014-08-29,98.8000,-3.6000,5.1000
2014-09-05,97.6000,-4.4000,4.7000
2014-09-12,97.6000,-4.4000,4.7000
2014-09-19,97.6000,-4.4000,4.7000
2014-09-26,97.6000,-4.4000,4.7000
2014-10-03,96.9000,-5.3000,4.2000
2014-10-10,96.9000,-5.3000,4.2000
2014-10-17,96.9000,-5.3000,4.2000
2014-10-24,96.9000,-5.3000,4.2000
2014-10-31,97.3000,-5.0000,3.9000
2014-11-07,97.3000,-5.0000,3.9000
2014-11-14,97.3000,-5.0000,3.9000
2014-11-21,97.3000,-5.0000,3.9000
2014-11-28,97.3000,-5.0000,3.9000
2014-12-05,97.7000,-3.8000,4.2000
2014-12-12,97.7000,-3.8000,4.2000
2014-12-19,97.7000,-3.8000,4.2000
2014-12-26,97.7000,-3.8000,4.2000
2015-01-02,97.9000,-4.6000,5.6000
2015-01-09,97.9000,-4.6000,5.6000
2015-01-16,97.9000,-4.6000,5.6000
2015-01-23,97.9000,-4.6000,5.6000
2015-01-30,97.9000,-4.6000,5.6000
2015-02-06,99.3000,-3.8000,5.7000
2015-02-13,99.3000,-3.8000,5.7000
2015-02-20,99.3000,-3.8000,5.7000
2015-02-27,99.3000,-3.8000,5.7000
2015-03-06,101.1000,-2.9000,5.9000
2015-03-13,101.1000,-2.9000,5.9000
2015-03-20,101.1000,-2.9000,5.9000
2015-03-27,101.1000,-2.9000,5.9000
2015-04-03,103.1000,-0.9000,7.3000
2015-04-10,103.1000,-0.9000,7.3000
2015-04-17,103.1000,-0.9000,7.3000
2015-04-24,103.1000,-0.9000,7.3000
2015-05-01,103.1000,-1.2000,7.9000
2015-05-08,103.1000,-1.2000,7.9000
2015-05-15,103.1000,-1.2000,7.9000
2015-05-22,103.1000,-1.2000,7.9000
2015-05-29,103.1000,-1.2000,7.9000
2015-06-05,102.8000,-1.4000,8.5000
2015-06-12,102.8000,-1.4000,8.5000
2015-06-19,102.8000,-1.4000,8.5000
2015-06-26,102.8000,-1.4000,8.5000
2015-07-03,103.0000,-1.5000,9.5000
2015-07-10,103.0000,-1.5000,9.5000
2015-07-17,103.0000,-1.5000,9.5000
2015-07-24,103.0000,-1.5000,9.5000
2015-07-31,103.0000,-1.2000,9.8000
2015-08-07,103.0000,-1.2000,9.8000
2015-08-14,103.0000,-1.2000,9.8000
2015-08-21,103.0000,-1.2000,9.8000
2015-08-28,103.0000,-1.2000,9.8000
2015-09-04,103.3000,-1.9000,11.4000
2015-09-11,103.3000,-1.9000,11.4000
2015-09-18,103.3000,-1.9000,11.4000
2015-09-25,103.3000,-1.9000,11.4000
2015-10-02,104.3000,-1.4000,12.5000
2015-10-09,104.3000,-1.4000,12.5000
2015-10-16,104.3000,-1.4000,12.5000
2015-10-23,104.3000,-1.4000,12.5000
2015-10-30,104.3000,-1.4000,12.5000
2015-11-06,104.5000,-1.7000,12.3000
2015-11-13,104.5000,-1.7000,12.3000
2015-11-20,104.5000,-1.7000,12.3000
2015-11-27,104.5000,-1.7000,12.3000
2015-12-04,104.9000,-2.2000,12.8000
2015-12-11,104.9000,-2.2000,12.8000
2015-12-18,104.9000,-2.2000,12.8000
2015-12-25,104.9000,-2.2000,12.8000
2016-01-01,105.1000,-1.5000,12.4000
2016-01-08,105.1000,-1.5000,12.4000
2016-01-15,105.1000,-1.5000,12.4000
2016-01-22,105.1000,-1.5000,12.4000
2016-01-29,105.1000,-1.5000,12.4000
2016-02-05,104.8000,-2.0000,12.5000
2016-02-12,104.8000,-2.0000,12.5000
2016-02-19,104.8000,-2.0000,12.5000
2016-02-26,104.8000,-2.0000,12.5000
2016-03-04,103.9000,-2.7000,11.0000
2016-03-11,103.9000,-2.7000,11.0000
2016-03-18,103.9000,-2.7000,11.0000
2016-03-25,103.9000,-2.7000,11.0000
2016-04-01,103.3000,-2.0000,10.3000
2016-04-08,103.3000,-2.0000,10.3000
2016-04-15,103.3000,-2.0000,10.3000
2016-04-22,103.3000,-2.0000,10.3000
2016-04-29,103.3000,-2.0000,10.3000
2016-05-06,104.0000,-2.1000,11.9000
2016-05-13,104.0000,-2.1000,11.9000
2016-05-20,104.0000,-2.1000,11.9000
2016-05-27,104.0000,-2.1000,11.9000
2016-06-03,103.8000,-2.4000,12.2000
2016-06-10,103.8000,-2.4000,12.2000
2016-06-17,103.8000,-2.4000,12.2000
2016-06-24,103.8000,-2.4000,12.2000
2016-07-01,104.1000,-1.7000,11.5000
2016-07-08,104.1000,-1.7000,11.5000
2016-07-15,104.1000,-1.7000,11.5000
2016-07-22,104.1000,-1.7000,11.5000
2016-07-29,104.1000,-1.7000,11.5000
2016-08-05,103.7000,-1.8000,11.1000
2016-08-12,103.7000,-1.8000,11.1000
2016-08-19,103.7000,-1.8000,11.1000
2016-08-26,103.7000,-1.8000,11.1000
2016-09-02,103.3000,-2.5000,10.6000
2016-09-09,103.3000,-2.5000,10.6000
2016-09-16,103.3000,-2.5000,10.6000
2016-09-23,103.3000,-2.5000,10.6000
2016-09-30,104.1000,-0.6000,10.2000
2016-10-07,104.1000,-0.6000,10.2000
2016-10-14,104.1000,-0.6000,10.2000
2016-10-21,104.1000,-0.6000,10.2000
2016-10-28,104.1000,-0.6000,10.2000
2016-11-04,105.7000,0.1000,12.2000
2016-11-11,105.7000,0.1000,12.2000
2016-11-18,105.7000,0.1000,12.2000
2016-11-25,105.7000,0.1000,12.2000
2016-12-02,106.0000,-0.1000,12.3000
2016-12-09,106.0000,-0.1000,12.3000
2016-12-16,106.0000,-0.1000,12.3000
2016-12-23,106.0000,-0.1000,12.3000
2016-12-30,106.0000,-0.1000,12.3000
2017-01-06,107.4000,1.6000,13.3000
2017-01-13,107.4000,1.6000,13.3000
2017-01-20,107.4000,1.6000,13.3000
2017-01-27,107.4000,1.6000,13.3000
2017-02-03,108.1000,2.0000,14.1000
2017-02-10,108.1000,2.0000,14.1000
2017-02-17,108.1000,2.0000,14.1000
2017-02-24,108.1000,2.0000,14.1000
2017-03-03,108.1000,3.1000,14.1000
2017-03-10,108.1000,3.1000,14.1000
2017-03-17,108.1000,3.1000,14.1000
2017-03-24,108.1000,3.1000,14.1000
2017-03-31,108.5000,2.9000,14.1000
2017-04-07,108.5000,2.9000,14.1000
2017-04-14,108.5000,2.9000,14.1000
2017-04-21,108.5000,2.9000,14.1000
2017-04-28,108.5000,2.9000,14.1000
2017-05-05,109.6000,3.9000,14.9000
2017-05-12,109.6000,3.9000,14.9000
2017-05-19,109.6000,3.9000,14.9000
2017-05-26,109.6000,3.9000,14.9000
2017-06-02,109.5000,4.5000,13.6000
2017-06-09,109.5000,4.5000,13.6000
2017-06-16,109.5000,4.5000,13.6000
2017-06-23,109.5000,4.5000,13.6000
2017-06-30,110.8000,5.7000,14.1000
2017-07-07,110.8000,5.7000,14.1000
2017-07-14,110.8000,5.7000,14.1000
2017-07-21,110.8000,5.7000,14.1000
2017-07-28,110.8000,5.7000,14.1000
2017-08-04,111.6000,6.6000,14.4000
2017-08-11,111.6000,6.6000,14.4000
2017-08-18,111.6000,6.6000,14.4000
2017-08-25,111.6000,6.6000,14.4000
2017-09-01,111.5000,6.1000,15.4000
2017-09-08,111.5000,6.1000,15.4000
2017-09-15,111.5000,6.1000,15.4000
2017-09-22,111.5000,6.1000,15.4000
2017-09-29,111.5000,6.1000,15.4000
2017-10-06,112.6000,7.9000,15.6000
2017-10-13,112.6000,7.9000,15.6000
2017-10-20,112.6000,7.9000,15.6000
2017-10-27,112.6000,7.9000,15.6000
2017-11-03,113.9000,9.0000,16.3000
2017-11-10,113.9000,9.0000,16.3000
2017-11-17,113.9000,9.0000,16.3000
2017-11-24,113.9000,9.0000,16.3000
2017-12-01,114.2000,9.2000,16.4000
2017-12-08,114.2000,9.2000,16.4000
2017-12-15,114.2000,9.2000,16.4000
2017-12-22,114.2000,9.2000,16.4000
2017-12-29,114.2000,9.2000,16.4000
2018-01-05,115.5000,9.7000,17.8000
2018-01-12,115.5000,9.7000,17.8000
2018-01-19,115.5000,9.7000,17.8000
2018-01-26,115.5000,9.7000,17.8000
2018-02-02,115.0000,9.7000,17.1000
2018-02-09,115.0000,9.7000,17.1000
2018-02-16,115.0000,9.7000,17.1000
2018-02-23,115.0000,9.7000,17.1000
2018-03-02,114.2000,8.4000,17.2000
2018-03-09,114.2000,8.4000,17.2000
2018-03-16,114.2000,8.4000,17.2000
2018-03-23,114.2000,8.4000,17.2000
2018-03-30,114.2000,8.4000,17.2000
2018-04-06,112.4000,6.7000,16.5000
2018-04-13,112.4000,6.7000,16.5000
2018-04-20,112.4000,6.7000,16.5000
2018-04-27,112.4000,6.7000,16.5000
2018-05-04,113.1000,7.9000,15.6000
2018-05-11,113.1000,7.9000,15.6000
2018-05-18,113.1000,7.9000,15.6000
2018-05-25,113.1000,7.9000,15.6000
2018-06-01,111.3000,6.7000,14.2000
2018-06-08,111.3000,6.7000,14.2000
2018-06-15,111.3000,6.7000,14.2000
2018-06-22,111.3000,6.7000,14.2000
2018-06-29,111.3000,6.7000,14.2000
2018-07-06,111.8000,7.2000,14.4000
2018-07-13,111.8000,7.2000,14.4000
2018-07-20,111.8000,7.2000,14.4000
2018-07-27,111.8000,7.2000,14.4000
2018-08-03,110.9000,5.7000,14.5000
2018-08-10,110.9000,5.7000,14.5000
2018-08-17,110.9000,5.7000,14.5000
2018-08-24,110.9000,5.7000,14.5000
2018-08-31,110.6000,5.1000,14.4000
2018-09-07,110.6000,5.1000,14.4000
2018-09-14,110.6000,5.1000,14.4000
2018-09-21,110.6000,5.1000,14.4000
2018-09-28,110.6000,5.1000,14.4000
2018-10-05,110.5000,5.5000,14.8000
2018-10-12,110.5000,5.5000,14.8000
2018-10-19,110.5000,5.5000,14.8000
2018-10-26,110.5000,5.5000,14.8000
2018-11-02,110.2000,4.4000,13.9000
2018-11-09,110.2000,4.4000,13.9000
2018-11-16,110.2000,4.4000,13.9000
2018-11-23,110.2000,4.4000,13.9000
2018-11-30,110.3000,4.6000,14.2000
2018-12-07,110.3000,4.6000,14.2000
2018-12-14,110.3000,4.6000,14.2000
2018-12-21,110.3000,4.6000,14.2000
2018-12-28,110.3000,4.6000,14.2000
2019-01-04,108.6000,2.7000,13.0000
2019-01-11,108.6000,2.7000,13.0000
2019-01-18,108.6000,2.7000,13.0000
2019-01-25,108.6000,2.7000,13.0000
2019-02-01,107.3000,0.6000,12.2000
2019-02-08,107.3000,0.6000,12.2000
2019-02-15,107.3000,0.6000,12.2000
2019-02-22,107.3000,0.6000,12.2000
2019-03-01,106.8000,-0.4000,12.6000
2019-03-08,106.8000,-0.4000,12.6000
2019-03-15,106.8000,-0.4000,12.6000
2019-03-22,106.8000,-0.4000,12.6000
2019-03-29,106.8000,-0.4000,12.6000
2019-04-05,106.3000,-1.6000,12.5000
2019-04-12,106.3000,-1.6000,12.5000
2019-04-19,106.3000,-1.6000,12.5000
2019-04-26,106.3000,-1.6000,12.5000
2019-05-03,104.6000,-3.9000,12.6000
2019-05-10,104.6000,-3.9000,12.6000
2019-05-17,104.6000,-3.9000,12.6000
2019-05-24,104.6000,-3.9000,12.6000
2019-05-31,105.5000,-2.4000,11.7000
2019-06-07,105.5000,-2.4000,11.7000
2019-06-14,105.5000,-2.4000,11.7000
2019-06-21,105.5000,-2.4000,11.7000
2019-06-28,105.5000,-2.4000,11.7000
2019-07-05,103.4000,-5.1000,10.6000
2019-07-12,103.4000,-5.1000,10.6000
2019-07-19,103.4000,-5.1000,10.6000
2019-07-26,103.4000,-5.1000,10.6000
2019-08-02,102.4000,-6.9000,9.1000
2019-08-09,102.4000,-6.9000,9.1000
2019-08-16,102.4000,-6.9000,9.1000
2019-08-23,102.4000,-6.9000,9.1000
2019-08-30,102.4000,-6.9000,9.1000
2019-09-06,102.8000,-5.4000,8.6000
2019-09-13,102.8000,-5.4000,8.6000
2019-09-20,102.8000,-5.4000,8.6000
2019-09-27,102.8000,-5.4000,8.6000
2019-10-04,101.7000,-7.8000,9.2000
2019-10-11,101.7000,-7.8000,9.2000
2019-10-18,101.7000,-7.8000,9.2000
2019-10-25,101.7000,-7.8000,9.2000
2019-11-01,101.6000,-8.0000,9.3000
2019-11-08,101.6000,-8.0000,9.3000
2019-11-15,101.6000,-8.0000,9.3000
2019-11-22,101.6000,-8.0000,9.3000
2019-11-29,101.6000,-8.0000,9.3000
2019-12-06,102.5000,-7.3000,10.1000
2019-12-13,102.5000,-7.3000,10.1000
2019-12-20,102.5000,-7.3000,10.1000
2019-12-27,102.5000,-7.3000,10.1000
2020-01-03,103.2000,-7.7000,13.5000
2020-01-10,103.2000,-7.7000,13.5000
2020-01-17,103.2000,-7.7000,13.5000
2020-01-24,103.2000,-7.7000,13.5000
2020-01-31,105.1000,-5.3000,13.2000
2020-02-07,105.1000,-5.3000,13.2000
2020-02-14,105.1000,-5.3000,13.2000
2020-02-21,105.1000,-5.3000,13.2000
2020-02-28,105.1000,-5.3000,13.2000
2020-03-06,105.3000,-4.7000,12.6000
2020-03-13,105.3000,-4.7000,12.6000
2020-03-20,105.3000,-4.7000,12.6000
2020-03-27,105.3000,-4.7000,12.6000
2020-04-03,93.7000,-11.3000,-3.6000
2020-04-10,93.7000,-11.3000,-3.6000
2020-04-17,93.7000,-11.3000,-3.6000
2020-04-24,93.7000,-11.3000,-3.6000
2020-05-01,58.5000,-37.1000,-47.0000
2020-05-08,58.5000,-37.1000,-47.0000
2020-05-15,58.5000,-37.1000,-47.0000
2020-05-22,58.5000,-37.1000,-47.0000
2020-05-29,58.5000,-37.1000,-47.0000
2020-06-05,63.4000,-29.3000,-51.8000
2020-06-12,63.4000,-29.3000,-51.8000
2020-06-19,63.4000,-29.3000,-51.8000
2020-06-26,63.4000,-29.3000,-51.8000
2020-07-03,75.2000,-21.2000,-39.4000
2020-07-10,75.2000,-21.2000,-39.4000
2020-07-17,75.2000,-21.2000,-39.4000
2020-07-24,75.2000,-21.2000,-39.4000
2020-07-31,83.4000,-14.7000,-27.2000
2020-08-07,83.4000,-14.7000,-27.2000
2020-08-14,83.4000,-14.7000,-27.2000
2020-08-21,83.4000,-14.7000,-27.2000
2020-08-28,83.4000,-14.7000,-27.2000
2020-09-04,90.6000,-10.4000,-14.1000
2020-09-11,90.6000,-10.4000,-14.1000
2020-09-18,90.6000,-10.4000,-14.1000
2020-09-25,90.6000,-10.4000,-14.1000
2020-10-02,95.0000,-8.3000,-5.9000
2020-10-09,95.0000,-8.3000,-5.9000
2020-10-16,95.0000,-8.3000,-5.9000
2020-10-23,95.0000,-8.3000,-5.9000
2020-10-30,95.0000,-8.3000,-5.9000
2020-11-06,95.5000,-5.7000,-6.6000
2020-11-13,95.5000,-5.7000,-6.6000
2020-11-20,95.5000,-5.7000,-6.6000
2020-11-27,95.5000,-5.7000,-6.6000
2020-12-04,92.1000,-6.7000,-11.6000
2020-12-11,92.1000,-6.7000,-11.6000
2020-12-18,92.1000,-6.7000,-11.6000
2020-12-25,92.1000,-6.7000,-11.6000
2021-01-01,96.5000,-3.2000,-9.3000
2021-01-08,96.5000,-3.2000,-9.3000
2021-01-15,96.5000,-3.2000,-9.3000
2021-01-22,96.5000,-3.2000,-9.3000
2021-01-29,96.5000,-3.2000,-9.3000
2021-02-05,95.9000,-2.4000,-9.0000
2021-02-12,95.9000,-2.4000,-9.0000
2021-02-19,95.9000,-2.4000,-9.0000
2021-02-26,95.9000,-2.4000,-9.0000
2021-03-05,97.6000,0.1000,-8.9000
2021-03-12,97.6000,0.1000,-8.9000
2021-03-19,97.6000,0.1000,-8.9000
2021-03-26,97.6000,0.1000,-8.9000
2021-04-02,103.1000,3.6000,-4.1000
2021-04-09,103.1000,3.6000,-4.1000
2021-04-16,103.1000,3.6000,-4.1000
2021-04-23,103.1000,3.6000,-4.1000
2021-04-30,105.7000,7.2000,-2.1000
2021-05-07,105.7000,7.2000,-2.1000
2021-05-14,105.7000,7.2000,-2.1000
2021-05-21,105.7000,7.2000,-2.1000
2021-05-28,105.7000,7.2000,-2.1000
2021-06-04,110.7000,9.3000,5.3000
2021-06-11,110.7000,9.3000,5.3000
2021-06-18,110.7000,9.3000,5.3000
2021-06-25,110.7000,9.3000,5.3000
2021-07-02,116.8000,11.9000,14.8000
2021-07-09,116.8000,11.9000,14.8000
2021-07-16,116.8000,11.9000,14.8000
2021-07-23,116.8000,11.9000,14.8000
2021-07-30,116.8000,11.9000,14.8000
2021-08-06,118.9000,14.6000,17.4000
2021-08-13,118.9000,14.6000,17.4000
2021-08-20,118.9000,14.6000,17.4000
2021-08-27,118.9000,14.6000,17.4000
2021-09-03,118.3000,14.0000,18.1000
2021-09-10,118.3000,14.0000,18.1000
2021-09-17,118.3000,14.0000,18.1000
2021-09-24,118.3000,14.0000,18.1000
2021-10-01,119.0000,14.4000,18.0000
2021-10-08,119.0000,14.4000,18.0000
2021-10-15,119.0000,14.4000,18.0000
2021-10-22,119.0000,14.4000,18.0000
2021-10-29,119.0000,14.4000,18.0000
2021-11-05,119.7000,14.8000,20.5000
2021-11-12,119.7000,14.8000,20.5000
2021-11-19,119.7000,14.8000,20.5000
2021-11-26,119.7000,14.8000,20.5000
2021-12-03,117.4000,14.1000,19.7000
2021-12-10,117.4000,14.1000,19.7000
2021-12-17,117.4000,14.1000,19.7000
2021-12-24,117.4000,14.1000,19.7000
2021-12-31,115.3000,14.5000,12.7000
2022-01-07,115.3000,14.5000,12.7000
2022-01-14,115.3000,14.5000,12.7000
2022-01-21,115.3000,14.5000,12.7000
2022-01-28,115.3000,14.5000,12.7000
2022-02-04,113.6000,13.3000,10.4000
2022-02-11,113.6000,13.3000,10.4000
2022-02-18,113.6000,13.3000,10.4000
2022-02-25,113.6000,13.3000,10.4000
2022-03-04,114.9000,13.6000,14.1000
2022-03-11,114.9000,13.6000,14.1000
2022-03-18,114.9000,13.6000,14.1000
2022-03-25,114.9000,13.6000,14.1000
2022-04-01,106.4000,8.0000,12.4000
2022-04-08,106.4000,8.0000,12.4000
2022-04-15,106.4000,8.0000,12.4000
2022-04-22,106.4000,8.0000,12.4000
2022-04-29,106.4000,8.0000,12.4000
2022-05-06,104.7000,7.4000,12.0000
2022-05-13,104.7000,7.4000,12.0000
2022-05-20,104.7000,7.4000,12.0000
2022-05-27,104.7000,7.4000,12.0000
2022-06-03,105.0000,6.2000,12.8000
2022-06-10,105.0000,6.2000,12.8000
2022-06-17,105.0000,6.2000,12.8000
2022-06-24,105.0000,6.2000,12.8000
2022-07-01,104.2000,7.5000,13.2000
2022-07-08,104.2000,7.5000,13.2000
2022-07-15,104.2000,7.5000,13.2000
2022-07-22,104.2000,7.5000,13.2000
2022-07-29,104.2000,7.5000,13.2000
2022-08-05,99.4000,3.8000,9.7000
2022-08-12,99.4000,3.8000,9.7000
2022-08-19,99.4000,3.8000,9.7000
2022-08-26,99.4000,3.8000,9.7000
2022-09-02,98.5000,1.7000,8.6000
2022-09-09,98.5000,1.7000,8.6000
2022-09-16,98.5000,1.7000,8.6000
2022-09-23,98.5000,1.7000,8.6000
2022-09-30,94.8000,0.3000,5.4000
2022-10-07,94.8000,0.3000,5.4000
2022-10-14,94.8000,0.3000,5.4000
2022-10-21,94.8000,0.3000,5.4000
2022-10-28,94.8000,0.3000,5.4000
2022-11-04,93.9000,-0.5000,3.1000
2022-11-11,93.9000,-0.5000,3.1000
2022-11-18,93.9000,-0.5000,3.1000
2022-11-25,93.9000,-0.5000,3.1000
2022-12-02,95.1000,-1.4000,3.8000
2022-12-09,95.1000,-1.4000,3.8000
2022-12-16,95.1000,-1.4000,3.8000
2022-12-23,95.1000,-1.4000,3.8000
2022-12-30,95.1000,-1.4000,3.8000
2023-01-06,96.9000,-0.5000,6.1000
2023-01-13,96.9000,-0.5000,6.1000
2023-01-20,96.9000,-0.5000,6.1000
2023-01-27,96.9000,-0.5000,6.1000
2023-02-03,99.4000,1.0000,8.5000
2023-02-10,99.4000,1.0000,8.5000
2023-02-17,99.4000,1.0000,8.5000
2023-02-24,99.4000,1.0000,8.5000
2023-03-03,98.8000,-0.7000,8.1000
2023-03-10,98.8000,-0.7000,8.1000
2023-03-17,98.8000,-0.7000,8.1000
2023-03-24,98.8000,-0.7000,8.1000
2023-03-31,98.4000,-1.5000,8.1000
2023-04-07,98.4000,-1.5000,8.1000
2023-04-14,98.4000,-1.5000,8.1000
2023-04-21,98.4000,-1.5000,8.1000
2023-04-28,98.4000,-1.5000,8.1000
2023-05-05,98.8000,-3.5000,9.5000
2023-05-12,98.8000,-3.5000,9.5000
2023-05-19,98.8000,-3.5000,9.5000
2023-05-26,98.8000,-3.5000,9.5000
2023-06-02,96.4000,-5.9000,7.2000
2023-06-09,96.4000,-5.9000,7.2000
2023-06-16,96.4000,-5.9000,7.2000
2023-06-23,96.4000,-5.9000,7.2000
2023-06-30,95.9000,-7.2000,6.4000
2023-07-07,95.9000,-7.2000,6.4000
2023-07-14,95.9000,-7.2000,6.4000
2023-07-21,95.9000,-7.2000,6.4000
2023-07-28,95.9000,-7.2000,6.4000
2023-08-04,95.0000,-9.3000,6.2000
2023-08-11,95.0000,-9.3000,6.2000
2023-08-18,95.0000,-9.3000,6.2000
2023-08-25,95.0000,-9.3000,6.2000
2023-09-01,94.0000,-10.0000,4.9000
2023-09-08,94.0000,-10.0000,4.9000
2023-09-15,94.0000,-10.0000,4.9000
2023-09-22,94.0000,-10.0000,4.9000
2023-09-29,94.0000,-10.0000,4.9000
2023-10-06,93.7000,-8.6000,4.4000
2023-10-13,93.7000,-8.6000,4.4000
2023-10-20,93.7000,-8.6000,4.4000
2023-10-27,93.7000,-8.6000,4.4000
2023-11-03,93.5000,-9.3000,4.7000
2023-11-10,93.5000,-9.3000,4.7000
2023-11-17,93.5000,-9.3000,4.7000
2023-11-24,93.5000,-9.3000,4.7000
2023-12-01,93.9000,-9.6000,5.1000
2023-12-08,93.9000,-9.6000,5.1000
2023-12-15,93.9000,-9.6000,5.1000
2023-12-22,93.9000,-9.6000,5.1000
2023-12-29,93.9000,-9.6000,5.1000
2024-01-05,96.5000,-8.8000,7.6000
2024-01-12,96.5000,-8.8000,7.6000
2024-01-19,96.5000,-8.8000,7.6000
2024-01-26,96.5000,-8.8000,7.6000
2024-02-02,95.8000,-9.8000,7.9000
2024-02-09,95.8000,-9.8000,7.9000
2024-02-16,95.8000,-9.8000,7.9000
2024-02-23,95.8000,-9.8000,7.9000
2024-03-01,95.1000,-10.0000,5.6000
2024-03-08,95.1000,-10.0000,5.6000
2024-03-15,95.1000,-10.0000,5.6000
2024-03-22,95.1000,-10.0000,5.6000
2024-03-29,95.1000,-10.0000,5.6000
2024-04-05,96.0000,-9.7000,6.6000
2024-04-12,96.0000,-9.7000,6.6000
2024-04-19,96.0000,-9.7000,6.6000
2024-04-26,96.0000,-9.7000,6.6000
2024-05-03,95.9000,-10.7000,6.8000
2024-05-10,95.9000,-10.7000,6.8000
2024-05-17,95.9000,-10.7000,6.8000
2024-05-24,95.9000,-10.7000,6.8000
2024-05-31,96.0000,-10.7000,7.1000
2024-06-07,96.0000,-10.7000,7.1000
2024-06-14,96.0000,-10.7000,7.1000
2024-06-21,96.0000,-10.7000,7.1000
2024-06-28,96.0000,-10.7000,7.1000
2024-07-05,96.1000,-10.4000,7.0000
2024-07-12,96.1000,-10.4000,7.0000
2024-07-19,96.1000,-10.4000,7.0000
2024-07-26,96.1000,-10.4000,7.0000
2024-08-02,96.0000,-10.9000,5.3000
2024-08-09,96.0000,-10.9000,5.3000
2024-08-16,96.0000,-10.9000,5.3000
2024-08-23,96.0000,-10.9000,5.3000
2024-08-30,96.0000,-10.9000,5.3000
2024-09-06,96.4000,-10.4000,6.3000
2024-09-13,96.4000,-10.4000,6.3000
2024-09-20,96.4000,-10.4000,6.3000
2024-09-27,96.4000,-10.4000,6.3000
2024-10-04,95.9000,-11.5000,6.3000
2024-10-11,95.9000,-11.5000,6.3000
2024-10-18,95.9000,-11.5000,6.3000
2024-10-25,95.9000,-11.5000,6.3000
2024-11-01,96.0000,-12.8000,7.0000
2024-11-08,96.0000,-12.8000,7.0000
2024-11-15,96.0000,-12.8000,7.0000
2024-11-22,96.0000,-12.8000,7.0000
2024-11-29,96.0000,-12.8000,7.0000
2024-12-06,95.8000,-11.1000,4.6000
2024-12-13,95.8000,-11.1000,4.6000
2024-12-20,95.8000,-11.1000,4.6000
2024-12-27,95.8000,-11.1000,4.6000
2025-01-03,93.6000,-14.4000,5.2000
2025-01-10,93.6000,-14.4000,5.2000
2025-01-17,93.6000,-14.4000,5.2000
2025-01-24,93.6000,-14.4000,5.2000
2025-01-31,95.3000,-12.4000,5.6000
2025-02-07,95.3000,-12.4000,5.6000
2025-02-14,95.3000,-12.4000,5.6000
2025-02-21,95.3000,-12.4000,5.6000
2025-02-28,96.2000,-11.1000,5.1000
2025-03-07,96.2000,-11.1000,5.1000
2025-03-14,96.2000,-11.1000,5.1000
2025-03-21,96.2000,-11.1000,5.1000
2025-03-28,96.2000,-11.1000,5.1000
2025-04-04,95.1000,-10.7000,2.4000
2025-04-11,95.1000,-10.7000,2.4000
2025-04-18,95.1000,-10.7000,2.4000
2025-04-25,95.1000,-10.7000,2.4000
2025-05-02,93.9000,-11.0000,1.9000
2025-05-09,93.9000,-11.0000,1.9000
2025-05-16,93.9000,-11.0000,1.9000
2025-05-23,93.9000,-11.0000,1.9000
2025-05-30,93.9000,-11.0000,1.9000
2025-06-06,95.0000,-10.3000,2.0000
2025-06-13,95.0000,-10.3000,2.0000
2025-06-20,95.0000,-10.3000,2.0000
2025-06-27,95.0000,-10.3000,2.0000
2025-07-04,94.2000,-11.8000,3.2000
2025-07-11,94.2000,-11.8000,3.2000
2025-07-18,94.2000,-11.8000,3.2000
2025-07-25,94.2000,-11.8000,3.2000
2025-08-01,95.8000,-10.4000,4.3000
2025-08-08,95.8000,-10.4000,4.3000
2025-08-15,95.8000,-10.4000,4.3000
2025-08-22,95.8000,-10.4000,4.3000
2025-08-29,95.8000,-10.4000,4.3000
2025-09-05,95.5000,-10.2000,4.0000
2025-09-12,95.5000,-10.2000,4.0000
2025-09-19,95.5000,-10.2000,4.0000
2025-09-26,95.5000,-10.2000,4.0000
2025-10-03,95.7000,-10.2000,3.9000
2025-10-10,95.7000,-10.2000,3.9000
2025-10-17,95.7000,-10.2000,3.9000
2025-10-24,95.7000,-10.2000,3.9000
2025-10-31,96.9000,-8.4000,4.2000
2025-11-07,96.9000,-8.4000,4.2000
2025-11-14,96.9000,-8.4000,4.2000
2025-11-21,96.9000,-8.4000,4.2000
2025-11-28,96.9000,-8.4000,4.2000
2025-12-05,97.1000,-9.3000,5.8000
2025-12-12,97.1000,-9.3000,5.8000
2025-12-19,97.1000,-9.3000,5.8000
2025-12-26,97.1000,-9.3000,5.8000
2026-01-02,96.7000,-9.0000,5.6000
2026-01-09,96.7000,-9.0000,5.6000
2026-01-16,96.7000,-9.0000,5.6000
2026-01-23,96.7000,-9.0000,5.6000
2026-01-30,96.7000,-9.0000,5.6000
2026-02-06,96.7000,-9.0000,5.6000
2026-02-13,96.7000,-9.0000,5.6000
2026-02-20,96.7000,-9.0000,5.6000
2026-02-27,96.7000,-9.0000,5.6000
2026-03-06,96.7000,-9.0000,5.6000
2026-03-13,96.7000,-9.0000,5.6000
2026-03-20,96.7000,-9.0000,5.6000
2026-03-27,96.7000,-9.0000,5.6000
2026-04-03,96.7000,-9.0000,5.6000
2026-04-10,96.7000,-9.0000,5.6000
2026-04-17,96.7000,-9.0000,5.6000
